Row_ID,Tenant_ID,Tenant_Name,Owner_ID,Owner_Name,WH_ID,Warehouse_Location,Warehouse_State,Warehouse_Type,Warehouse_Size,Month,Month_Name,Quarter,Monthly_Rent_INR,GST_18pct_INR,Total_Invoice_INR,Lease_Duration_Months,Payment_Status,Payment_Date,Delay_Days,Amount_Paid_INR,Balance_Due_INR,Invoice_Sent,Invoice_Date,Due_Date,Reminder_Sent,Email_Sent,WhatsApp_Sent,Tenant_Type,Industry_Type,Payment_Behavior,Customer_Tenure_Months,Is_Paid_Binary,Is_Delayed_Binary,Revenue_Collected_INR,Size_Encoded,Type_Encoded,Behavior_Encoded,TenantType_Encoded,Risk_Score,Tenant_Segment,Month_Num,KMeans_Cluster,Cluster_Label,Tenant_Email,Tenant_Phone,Contact_Person,Owner_Email,Owner_Phone
TXN-0001,TNT-01,FreshMart Retail,OWN-01,Rajesh Shah,WH-01,Udaipur,Rajasthan,Cold Storage,Medium,01-01-2023,Jan-23,Q1-2023,36522,6573,43095,24,Paid,11-01-2023,0,43095,0,Yes,01-01-2023,11-01-2023,No,Yes,Yes,Business,Retail,On-time,36,1,0,43095,2,3,1,1,15,Regular Payer,1,0,Regular Payer,procurement@freshmart.in,9871234560,Suresh Kumar,rajesh.shah@warehub.in,9876543210
TXN-0002,TNT-01,FreshMart Retail,OWN-01,Rajesh Shah,WH-01,Udaipur,Rajasthan,Cold Storage,Medium,01-02-2023,Feb-23,Q1-2023,36522,6573,43095,24,Paid,11-02-2023,0,43095,0,Yes,01-02-2023,11-02-2023,No,Yes,Yes,Business,Retail,On-time,36,1,0,43095,2,3,1,1,15,Regular Payer,2,0,Regular Payer,procurement@freshmart.in,9871234560,Suresh Kumar,rajesh.shah@warehub.in,9876543210
TXN-0003,TNT-01,FreshMart Retail,OWN-01,Rajesh Shah,WH-01,Udaipur,Rajasthan,Cold Storage,Medium,01-03-2023,Mar-23,Q1-2023,36522,6573,43095,24,Paid,11-03-2023,0,43095,0,Yes,01-03-2023,11-03-2023,No,Yes,Yes,Business,Retail,On-time,36,1,0,43095,2,3,1,1,15,Regular Payer,3,0,Regular Payer,procurement@freshmart.in,9871234560,Suresh Kumar,rajesh.shah@warehub.in,9876543210
TXN-0004,TNT-01,FreshMart Retail,OWN-01,Rajesh Shah,WH-01,Udaipur,Rajasthan,Cold Storage,Medium,01-04-2023,Apr-23,Q2-2023,36522,6573,43095,24,Paid,11-04-2023,0,43095,0,Yes,01-04-2023,11-04-2023,No,Yes,Yes,Business,Retail,On-time,36,1,0,43095,2,3,1,1,15,Regular Payer,4,0,Regular Payer,procurement@freshmart.in,9871234560,Suresh Kumar,rajesh.shah@warehub.in,9876543210
TXN-0005,TNT-01,FreshMart Retail,OWN-01,Rajesh Shah,WH-01,Udaipur,Rajasthan,Cold Storage,Medium,01-05-2023,May-23,Q2-2023,36522,6573,43095,24,Paid,11-05-2023,0,43095,0,Yes,01-05-2023,11-05-2023,No,Yes,Yes,Business,Retail,On-time,36,1,0,43095,2,3,1,1,15,Regular Payer,5,0,Regular Payer,procurement@freshmart.in,9871234560,Suresh Kumar,rajesh.shah@warehub.in,9876543210
TXN-0006,TNT-01,FreshMart Retail,OWN-01,Rajesh Shah,WH-01,Udaipur,Rajasthan,Cold Storage,Medium,01-06-2023,Jun-23,Q2-2023,36522,6573,43095,24,Paid,11-06-2023,0,43095,0,Yes,01-06-2023,11-06-2023,No,Yes,Yes,Business,Retail,On-time,36,1,0,43095,2,3,1,1,15,Regular Payer,6,0,Regular Payer,procurement@freshmart.in,9871234560,Suresh Kumar,rajesh.shah@warehub.in,9876543210
TXN-0007,TNT-01,FreshMart Retail,OWN-01,Rajesh Shah,WH-01,Udaipur,Rajasthan,Cold Storage,Medium,01-07-2023,Jul-23,Q3-2023,36522,6573,43095,24,Not Paid,,570,0,43095,Yes,01-07-2023,11-07-2023,Yes,Yes,Yes,Business,Retail,Defaulted,36,0,0,0,2,3,4,1,85,Defaulter,7,1,Late Payer,procurement@freshmart.in,9871234560,Suresh Kumar,rajesh.shah@warehub.in,9876543210
TXN-0008,TNT-01,FreshMart Retail,OWN-01,Rajesh Shah,WH-01,Udaipur,Rajasthan,Cold Storage,Medium,01-08-2023,Aug-23,Q3-2023,36522,6573,43095,24,Paid,11-08-2023,0,43095,0,Yes,01-08-2023,11-08-2023,No,Yes,Yes,Business,Retail,On-time,36,1,0,43095,2,3,1,1,15,Regular Payer,8,0,Regular Payer,procurement@freshmart.in,9871234560,Suresh Kumar,rajesh.shah@warehub.in,9876543210
TXN-0009,TNT-01,FreshMart Retail,OWN-01,Rajesh Shah,WH-01,Udaipur,Rajasthan,Cold Storage,Medium,01-09-2023,Sep-23,Q3-2023,36522,6573,43095,24,Paid,11-09-2023,0,43095,0,Yes,01-09-2023,11-09-2023,No,Yes,Yes,Business,Retail,On-time,36,1,0,43095,2,3,1,1,15,Regular Payer,9,0,Regular Payer,procurement@freshmart.in,9871234560,Suresh Kumar,rajesh.shah@warehub.in,9876543210
TXN-0010,TNT-01,FreshMart Retail,OWN-01,Rajesh Shah,WH-01,Udaipur,Rajasthan,Cold Storage,Medium,01-10-2023,Oct-23,Q4-2023,36522,6573,43095,24,Paid,11-10-2023,0,43095,0,Yes,01-10-2023,11-10-2023,No,Yes,Yes,Business,Retail,On-time,36,1,0,43095,2,3,1,1,15,Regular Payer,10,0,Regular Payer,procurement@freshmart.in,9871234560,Suresh Kumar,rajesh.shah@warehub.in,9876543210
TXN-0011,TNT-01,FreshMart Retail,OWN-01,Rajesh Shah,WH-01,Udaipur,Rajasthan,Cold Storage,Medium,01-11-2023,Nov-23,Q4-2023,36522,6573,43095,24,Paid,11-11-2023,0,43095,0,Yes,01-11-2023,11-11-2023,No,Yes,Yes,Business,Retail,On-time,36,1,0,43095,2,3,1,1,15,Regular Payer,11,0,Regular Payer,procurement@freshmart.in,9871234560,Suresh Kumar,rajesh.shah@warehub.in,9876543210
TXN-0012,TNT-01,FreshMart Retail,OWN-01,Rajesh Shah,WH-01,Udaipur,Rajasthan,Cold Storage,Medium,01-12-2023,Dec-23,Q4-2023,36522,6573,43095,24,Paid,11-12-2023,0,43095,0,Yes,01-12-2023,11-12-2023,No,Yes,Yes,Business,Retail,On-time,36,1,0,43095,2,3,1,1,15,Regular Payer,12,0,Regular Payer,procurement@freshmart.in,9871234560,Suresh Kumar,rajesh.shah@warehub.in,9876543210
TXN-0013,TNT-01,FreshMart Retail,OWN-01,Rajesh Shah,WH-01,Udaipur,Rajasthan,Cold Storage,Medium,01-01-2024,Jan-24,Q1-2024,36522,6573,43095,24,Paid,11-01-2024,0,43095,0,Yes,01-01-2024,11-01-2024,No,Yes,Yes,Business,Retail,On-time,36,1,0,43095,2,3,1,1,15,Regular Payer,13,0,Regular Payer,procurement@freshmart.in,9871234560,Suresh Kumar,rajesh.shah@warehub.in,9876543210
TXN-0014,TNT-01,FreshMart Retail,OWN-01,Rajesh Shah,WH-01,Udaipur,Rajasthan,Cold Storage,Medium,01-02-2024,Feb-24,Q1-2024,36522,6573,43095,24,Paid,11-02-2024,0,43095,0,Yes,01-02-2024,11-02-2024,No,Yes,Yes,Business,Retail,On-time,36,1,0,43095,2,3,1,1,15,Regular Payer,14,0,Regular Payer,procurement@freshmart.in,9871234560,Suresh Kumar,rajesh.shah@warehub.in,9876543210
TXN-0015,TNT-01,FreshMart Retail,OWN-01,Rajesh Shah,WH-01,Udaipur,Rajasthan,Cold Storage,Medium,01-03-2024,Mar-24,Q1-2024,36522,6573,43095,24,Paid,11-03-2024,0,43095,0,Yes,01-03-2024,11-03-2024,No,Yes,Yes,Business,Retail,On-time,36,1,0,43095,2,3,1,1,15,Regular Payer,15,0,Regular Payer,procurement@freshmart.in,9871234560,Suresh Kumar,rajesh.shah@warehub.in,9876543210
TXN-0016,TNT-01,FreshMart Retail,OWN-01,Rajesh Shah,WH-01,Udaipur,Rajasthan,Cold Storage,Medium,01-04-2024,Apr-24,Q2-2024,36522,6573,43095,24,Not Paid,,295,0,43095,Yes,01-04-2024,11-04-2024,Yes,Yes,Yes,Business,Retail,Defaulted,36,0,0,0,2,3,4,1,85,Defaulter,16,1,Late Payer,procurement@freshmart.in,9871234560,Suresh Kumar,rajesh.shah@warehub.in,9876543210
TXN-0017,TNT-01,FreshMart Retail,OWN-01,Rajesh Shah,WH-01,Udaipur,Rajasthan,Cold Storage,Medium,01-05-2024,May-24,Q2-2024,36522,6573,43095,24,Paid,11-05-2024,0,43095,0,Yes,01-05-2024,11-05-2024,No,Yes,Yes,Business,Retail,On-time,36,1,0,43095,2,3,1,1,15,Regular Payer,17,0,Regular Payer,procurement@freshmart.in,9871234560,Suresh Kumar,rajesh.shah@warehub.in,9876543210
TXN-0018,TNT-01,FreshMart Retail,OWN-01,Rajesh Shah,WH-01,Udaipur,Rajasthan,Cold Storage,Medium,01-06-2024,Jun-24,Q2-2024,36522,6573,43095,24,Paid,11-06-2024,0,43095,0,Yes,01-06-2024,11-06-2024,No,Yes,Yes,Business,Retail,On-time,36,1,0,43095,2,3,1,1,15,Regular Payer,18,0,Regular Payer,procurement@freshmart.in,9871234560,Suresh Kumar,rajesh.shah@warehub.in,9876543210
TXN-0019,TNT-01,FreshMart Retail,OWN-01,Rajesh Shah,WH-01,Udaipur,Rajasthan,Cold Storage,Medium,01-07-2024,Jul-24,Q3-2024,36522,6573,43095,24,Paid,11-07-2024,0,43095,0,Yes,01-07-2024,11-07-2024,No,Yes,Yes,Business,Retail,On-time,36,1,0,43095,2,3,1,1,15,Regular Payer,19,0,Regular Payer,procurement@freshmart.in,9871234560,Suresh Kumar,rajesh.shah@warehub.in,9876543210
TXN-0020,TNT-01,FreshMart Retail,OWN-01,Rajesh Shah,WH-01,Udaipur,Rajasthan,Cold Storage,Medium,01-08-2024,Aug-24,Q3-2024,36522,6573,43095,24,Paid,11-08-2024,0,43095,0,Yes,01-08-2024,11-08-2024,No,Yes,Yes,Business,Retail,On-time,36,1,0,43095,2,3,1,1,15,Regular Payer,20,0,Regular Payer,procurement@freshmart.in,9871234560,Suresh Kumar,rajesh.shah@warehub.in,9876543210
TXN-0021,TNT-01,FreshMart Retail,OWN-01,Rajesh Shah,WH-01,Udaipur,Rajasthan,Cold Storage,Medium,01-09-2024,Sep-24,Q3-2024,36522,6573,43095,24,Paid,11-09-2024,0,43095,0,Yes,01-09-2024,11-09-2024,No,Yes,Yes,Business,Retail,On-time,36,1,0,43095,2,3,1,1,15,Regular Payer,21,0,Regular Payer,procurement@freshmart.in,9871234560,Suresh Kumar,rajesh.shah@warehub.in,9876543210
TXN-0022,TNT-01,FreshMart Retail,OWN-01,Rajesh Shah,WH-01,Udaipur,Rajasthan,Cold Storage,Medium,01-10-2024,Oct-24,Q4-2024,36522,6573,43095,24,Paid,11-10-2024,0,43095,0,Yes,01-10-2024,11-10-2024,No,Yes,Yes,Business,Retail,On-time,36,1,0,43095,2,3,1,1,15,Regular Payer,22,0,Regular Payer,procurement@freshmart.in,9871234560,Suresh Kumar,rajesh.shah@warehub.in,9876543210
TXN-0023,TNT-01,FreshMart Retail,OWN-01,Rajesh Shah,WH-01,Udaipur,Rajasthan,Cold Storage,Medium,01-11-2024,Nov-24,Q4-2024,36522,6573,43095,24,Paid,11-11-2024,0,43095,0,Yes,01-11-2024,11-11-2024,No,Yes,Yes,Business,Retail,On-time,36,1,0,43095,2,3,1,1,15,Regular Payer,23,0,Regular Payer,procurement@freshmart.in,9871234560,Suresh Kumar,rajesh.shah@warehub.in,9876543210
TXN-0024,TNT-01,FreshMart Retail,OWN-01,Rajesh Shah,WH-01,Udaipur,Rajasthan,Cold Storage,Medium,01-12-2024,Dec-24,Q4-2024,36522,6573,43095,24,Paid,11-12-2024,0,43095,0,Yes,01-12-2024,11-12-2024,No,Yes,Yes,Business,Retail,On-time,36,1,0,43095,2,3,1,1,15,Regular Payer,24,0,Regular Payer,procurement@freshmart.in,9871234560,Suresh Kumar,rajesh.shah@warehub.in,9876543210
TXN-0025,TNT-02,GrainCorp Ltd,OWN-02,Meena Joshi,WH-02,Jaipur,Rajasthan,Dry Warehouse,Large,01-02-2023,Feb-23,Q1-2023,57771,10398,68169,24,Paid,24-02-2023,13,68169,0,Yes,01-02-2023,11-02-2023,Yes,Yes,Yes,Business,Agriculture,Delayed,28,1,1,68169,3,2,3,1,44.1,Late Payer,2,0,Regular Payer,accounts@graincorp.co.in,9812345670,Priya Sharma,meena.joshi@warehub.in,9823456789
TXN-0026,TNT-02,GrainCorp Ltd,OWN-02,Meena Joshi,WH-02,Jaipur,Rajasthan,Dry Warehouse,Large,01-03-2023,Mar-23,Q1-2023,57771,10398,68169,24,Not Paid,,692,0,68169,Yes,01-03-2023,11-03-2023,Yes,Yes,Yes,Business,Agriculture,Defaulted,28,0,0,0,3,2,4,1,88.3,Defaulter,3,1,Late Payer,accounts@graincorp.co.in,9812345670,Priya Sharma,meena.joshi@warehub.in,9823456789
TXN-0027,TNT-02,GrainCorp Ltd,OWN-02,Meena Joshi,WH-02,Jaipur,Rajasthan,Dry Warehouse,Large,01-04-2023,Apr-23,Q2-2023,57771,10398,68169,24,Paid,23-04-2023,12,68169,0,Yes,01-04-2023,11-04-2023,Yes,Yes,Yes,Business,Agriculture,Delayed,28,1,1,68169,3,2,3,1,43.7,Late Payer,4,0,Regular Payer,accounts@graincorp.co.in,9812345670,Priya Sharma,meena.joshi@warehub.in,9823456789
TXN-0028,TNT-02,GrainCorp Ltd,OWN-02,Meena Joshi,WH-02,Jaipur,Rajasthan,Dry Warehouse,Large,01-05-2023,May-23,Q2-2023,57771,10398,68169,24,Paid,17-05-2023,6,68169,0,Yes,01-05-2023,11-05-2023,No,Yes,Yes,Business,Agriculture,Slightly Delayed,28,1,1,68169,3,2,2,1,31,High-Value Regular,5,0,Regular Payer,accounts@graincorp.co.in,9812345670,Priya Sharma,meena.joshi@warehub.in,9823456789
TXN-0029,TNT-02,GrainCorp Ltd,OWN-02,Meena Joshi,WH-02,Jaipur,Rajasthan,Dry Warehouse,Large,01-06-2023,Jun-23,Q2-2023,57771,10398,68169,24,Paid,17-06-2023,6,68169,0,Yes,01-06-2023,11-06-2023,No,Yes,Yes,Business,Agriculture,Slightly Delayed,28,1,1,68169,3,2,2,1,31,High-Value Regular,6,0,Regular Payer,accounts@graincorp.co.in,9812345670,Priya Sharma,meena.joshi@warehub.in,9823456789
TXN-0030,TNT-02,GrainCorp Ltd,OWN-02,Meena Joshi,WH-02,Jaipur,Rajasthan,Dry Warehouse,Large,01-08-2023,Aug-23,Q3-2023,57771,10398,68169,24,Not Paid,,539,0,68169,Yes,01-08-2023,11-08-2023,Yes,Yes,Yes,Business,Agriculture,Defaulted,28,0,0,0,3,2,4,1,88.3,Defaulter,8,1,Late Payer,accounts@graincorp.co.in,9812345670,Priya Sharma,meena.joshi@warehub.in,9823456789
TXN-0031,TNT-02,GrainCorp Ltd,OWN-02,Meena Joshi,WH-02,Jaipur,Rajasthan,Dry Warehouse,Large,01-09-2023,Sep-23,Q3-2023,57771,10398,68169,24,Paid,22-09-2023,11,68169,0,Yes,01-09-2023,11-09-2023,Yes,Yes,Yes,Business,Agriculture,Delayed,28,1,1,68169,3,2,3,1,43.2,Late Payer,9,0,Regular Payer,accounts@graincorp.co.in,9812345670,Priya Sharma,meena.joshi@warehub.in,9823456789
TXN-0032,TNT-02,GrainCorp Ltd,OWN-02,Meena Joshi,WH-02,Jaipur,Rajasthan,Dry Warehouse,Large,01-10-2023,Oct-23,Q4-2023,57771,10398,68169,24,Not Paid,,478,0,68169,Yes,01-10-2023,11-10-2023,Yes,Yes,Yes,Business,Agriculture,Defaulted,28,0,0,0,3,2,4,1,88.3,Defaulter,10,1,Late Payer,accounts@graincorp.co.in,9812345670,Priya Sharma,meena.joshi@warehub.in,9823456789
TXN-0033,TNT-02,GrainCorp Ltd,OWN-02,Meena Joshi,WH-02,Jaipur,Rajasthan,Dry Warehouse,Large,01-11-2023,Nov-23,Q4-2023,57771,10398,68169,24,Not Paid,,447,0,68169,Yes,01-11-2023,11-11-2023,Yes,Yes,Yes,Business,Agriculture,Defaulted,28,0,0,0,3,2,4,1,88.3,Defaulter,11,1,Late Payer,accounts@graincorp.co.in,9812345670,Priya Sharma,meena.joshi@warehub.in,9823456789
TXN-0034,TNT-02,GrainCorp Ltd,OWN-02,Meena Joshi,WH-02,Jaipur,Rajasthan,Dry Warehouse,Large,01-12-2023,Dec-23,Q4-2023,57771,10398,68169,24,Paid,31-12-2023,20,68169,0,Yes,01-12-2023,11-12-2023,Yes,Yes,Yes,Business,Agriculture,Delayed,28,1,1,68169,3,2,3,1,47.2,Late Payer,12,0,Regular Payer,accounts@graincorp.co.in,9812345670,Priya Sharma,meena.joshi@warehub.in,9823456789
TXN-0035,TNT-02,GrainCorp Ltd,OWN-02,Meena Joshi,WH-02,Jaipur,Rajasthan,Dry Warehouse,Large,01-01-2024,Jan-24,Q1-2024,57771,10398,68169,24,Paid,05-02-2024,25,68169,0,Yes,01-01-2024,11-01-2024,Yes,Yes,Yes,Business,Agriculture,Delayed,28,1,1,68169,3,2,3,1,49.4,Late Payer,13,0,Regular Payer,accounts@graincorp.co.in,9812345670,Priya Sharma,meena.joshi@warehub.in,9823456789
TXN-0036,TNT-02,GrainCorp Ltd,OWN-02,Meena Joshi,WH-02,Jaipur,Rajasthan,Dry Warehouse,Large,01-02-2024,Feb-24,Q1-2024,57771,10398,68169,24,Paid,24-02-2024,13,68169,0,Yes,01-02-2024,11-02-2024,Yes,Yes,Yes,Business,Agriculture,Delayed,28,1,1,68169,3,2,3,1,44.1,Late Payer,14,0,Regular Payer,accounts@graincorp.co.in,9812345670,Priya Sharma,meena.joshi@warehub.in,9823456789
TXN-0037,TNT-02,GrainCorp Ltd,OWN-02,Meena Joshi,WH-02,Jaipur,Rajasthan,Dry Warehouse,Large,01-03-2024,Mar-24,Q1-2024,57771,10398,68169,24,Paid,02-04-2024,22,68169,0,Yes,01-03-2024,11-03-2024,Yes,Yes,Yes,Business,Agriculture,Delayed,28,1,1,68169,3,2,3,1,48.1,Late Payer,15,0,Regular Payer,accounts@graincorp.co.in,9812345670,Priya Sharma,meena.joshi@warehub.in,9823456789
TXN-0038,TNT-02,GrainCorp Ltd,OWN-02,Meena Joshi,WH-02,Jaipur,Rajasthan,Dry Warehouse,Large,01-05-2024,May-24,Q2-2024,57771,10398,68169,24,Paid,03-06-2024,23,68169,0,Yes,01-05-2024,11-05-2024,Yes,Yes,Yes,Business,Agriculture,Delayed,28,1,1,68169,3,2,3,1,48.6,Late Payer,17,0,Regular Payer,accounts@graincorp.co.in,9812345670,Priya Sharma,meena.joshi@warehub.in,9823456789
TXN-0039,TNT-02,GrainCorp Ltd,OWN-02,Meena Joshi,WH-02,Jaipur,Rajasthan,Dry Warehouse,Large,01-06-2024,Jun-24,Q2-2024,57771,10398,68169,24,Paid,04-07-2024,23,68169,0,Yes,01-06-2024,11-06-2024,Yes,Yes,Yes,Business,Agriculture,Delayed,28,1,1,68169,3,2,3,1,48.6,Late Payer,18,0,Regular Payer,accounts@graincorp.co.in,9812345670,Priya Sharma,meena.joshi@warehub.in,9823456789
TXN-0040,TNT-02,GrainCorp Ltd,OWN-02,Meena Joshi,WH-02,Jaipur,Rajasthan,Dry Warehouse,Large,01-09-2024,Sep-24,Q3-2024,57771,10398,68169,24,Paid,23-09-2024,12,68169,0,Yes,01-09-2024,11-09-2024,Yes,Yes,Yes,Business,Agriculture,Delayed,28,1,1,68169,3,2,3,1,43.7,Late Payer,21,0,Regular Payer,accounts@graincorp.co.in,9812345670,Priya Sharma,meena.joshi@warehub.in,9823456789
TXN-0041,TNT-02,GrainCorp Ltd,OWN-02,Meena Joshi,WH-02,Jaipur,Rajasthan,Dry Warehouse,Large,01-10-2024,Oct-24,Q4-2024,57771,10398,68169,24,Not Paid,,112,0,68169,Yes,01-10-2024,11-10-2024,Yes,Yes,Yes,Business,Agriculture,Defaulted,28,0,0,0,3,2,4,1,88.3,Defaulter,22,1,Late Payer,accounts@graincorp.co.in,9812345670,Priya Sharma,meena.joshi@warehub.in,9823456789
TXN-0042,TNT-02,GrainCorp Ltd,OWN-02,Meena Joshi,WH-02,Jaipur,Rajasthan,Dry Warehouse,Large,01-12-2024,Dec-24,Q4-2024,57771,10398,68169,24,Paid,18-12-2024,7,68169,0,Yes,01-12-2024,11-12-2024,No,Yes,Yes,Business,Agriculture,Slightly Delayed,28,1,1,68169,3,2,2,1,31.4,High-Value Regular,24,0,Regular Payer,accounts@graincorp.co.in,9812345670,Priya Sharma,meena.joshi@warehub.in,9823456789
TXN-0043,TNT-03,QuickShip Logistics,OWN-03,Amit Patel,WH-03,Ahmedabad,Gujarat,Distribution Hub,Large,01-01-2023,Jan-23,Q1-2023,123191,22174,145365,24,Paid,11-01-2023,0,145365,0,Yes,01-01-2023,11-01-2023,No,Yes,Yes,Business,Logistics,On-time,42,1,0,145365,3,4,1,1,12.5,High-Value Regular,1,3,High-Value Regular,finance@quickship.in,9834567890,Vikram Singh,amit.patel@warehub.in,9812345678
TXN-0044,TNT-03,QuickShip Logistics,OWN-03,Amit Patel,WH-03,Ahmedabad,Gujarat,Distribution Hub,Large,01-03-2023,Mar-23,Q1-2023,123191,22174,145365,24,Paid,11-03-2023,0,145365,0,Yes,01-03-2023,11-03-2023,No,Yes,Yes,Business,Logistics,On-time,42,1,0,145365,3,4,1,1,12.5,High-Value Regular,3,3,High-Value Regular,finance@quickship.in,9834567890,Vikram Singh,amit.patel@warehub.in,9812345678
TXN-0045,TNT-03,QuickShip Logistics,OWN-03,Amit Patel,WH-03,Ahmedabad,Gujarat,Distribution Hub,Large,01-04-2023,Apr-23,Q2-2023,123191,22174,145365,24,Paid,11-04-2023,0,145365,0,Yes,01-04-2023,11-04-2023,No,Yes,Yes,Business,Logistics,On-time,42,1,0,145365,3,4,1,1,12.5,High-Value Regular,4,3,High-Value Regular,finance@quickship.in,9834567890,Vikram Singh,amit.patel@warehub.in,9812345678
TXN-0046,TNT-03,QuickShip Logistics,OWN-03,Amit Patel,WH-03,Ahmedabad,Gujarat,Distribution Hub,Large,01-05-2023,May-23,Q2-2023,123191,22174,145365,24,Paid,11-05-2023,0,145365,0,Yes,01-05-2023,11-05-2023,No,Yes,Yes,Business,Logistics,On-time,42,1,0,145365,3,4,1,1,12.5,High-Value Regular,5,3,High-Value Regular,finance@quickship.in,9834567890,Vikram Singh,amit.patel@warehub.in,9812345678
TXN-0047,TNT-03,QuickShip Logistics,OWN-03,Amit Patel,WH-03,Ahmedabad,Gujarat,Distribution Hub,Large,01-06-2023,Jun-23,Q2-2023,123191,22174,145365,24,Paid,11-06-2023,0,145365,0,Yes,01-06-2023,11-06-2023,No,Yes,Yes,Business,Logistics,On-time,42,1,0,145365,3,4,1,1,12.5,High-Value Regular,6,3,High-Value Regular,finance@quickship.in,9834567890,Vikram Singh,amit.patel@warehub.in,9812345678
TXN-0048,TNT-03,QuickShip Logistics,OWN-03,Amit Patel,WH-03,Ahmedabad,Gujarat,Distribution Hub,Large,01-09-2023,Sep-23,Q3-2023,123191,22174,145365,24,Paid,11-09-2023,0,145365,0,Yes,01-09-2023,11-09-2023,No,Yes,Yes,Business,Logistics,On-time,42,1,0,145365,3,4,1,1,12.5,High-Value Regular,9,3,High-Value Regular,finance@quickship.in,9834567890,Vikram Singh,amit.patel@warehub.in,9812345678
TXN-0049,TNT-03,QuickShip Logistics,OWN-03,Amit Patel,WH-03,Ahmedabad,Gujarat,Distribution Hub,Large,01-11-2023,Nov-23,Q4-2023,123191,22174,145365,24,Paid,11-11-2023,0,145365,0,Yes,01-11-2023,11-11-2023,No,Yes,Yes,Business,Logistics,On-time,42,1,0,145365,3,4,1,1,12.5,High-Value Regular,11,3,High-Value Regular,finance@quickship.in,9834567890,Vikram Singh,amit.patel@warehub.in,9812345678
TXN-0050,TNT-03,QuickShip Logistics,OWN-03,Amit Patel,WH-03,Ahmedabad,Gujarat,Distribution Hub,Large,01-01-2024,Jan-24,Q1-2024,123191,22174,145365,24,Paid,11-01-2024,0,145365,0,Yes,01-01-2024,11-01-2024,No,Yes,Yes,Business,Logistics,On-time,42,1,0,145365,3,4,1,1,12.5,High-Value Regular,13,3,High-Value Regular,finance@quickship.in,9834567890,Vikram Singh,amit.patel@warehub.in,9812345678
TXN-0051,TNT-03,QuickShip Logistics,OWN-03,Amit Patel,WH-03,Ahmedabad,Gujarat,Distribution Hub,Large,01-02-2024,Feb-24,Q1-2024,123191,22174,145365,24,Not Paid,,355,0,145365,Yes,01-02-2024,11-02-2024,Yes,Yes,Yes,Business,Logistics,Defaulted,42,0,0,0,3,4,4,1,82.5,Defaulter,14,1,Late Payer,finance@quickship.in,9834567890,Vikram Singh,amit.patel@warehub.in,9812345678
TXN-0052,TNT-03,QuickShip Logistics,OWN-03,Amit Patel,WH-03,Ahmedabad,Gujarat,Distribution Hub,Large,01-03-2024,Mar-24,Q1-2024,123191,22174,145365,24,Not Paid,,326,0,145365,Yes,01-03-2024,11-03-2024,Yes,Yes,Yes,Business,Logistics,Defaulted,42,0,0,0,3,4,4,1,82.5,Defaulter,15,1,Late Payer,finance@quickship.in,9834567890,Vikram Singh,amit.patel@warehub.in,9812345678
TXN-0053,TNT-03,QuickShip Logistics,OWN-03,Amit Patel,WH-03,Ahmedabad,Gujarat,Distribution Hub,Large,01-04-2024,Apr-24,Q2-2024,123191,22174,145365,24,Paid,11-04-2024,0,145365,0,Yes,01-04-2024,11-04-2024,No,Yes,Yes,Business,Logistics,On-time,42,1,0,145365,3,4,1,1,12.5,High-Value Regular,16,3,High-Value Regular,finance@quickship.in,9834567890,Vikram Singh,amit.patel@warehub.in,9812345678
TXN-0054,TNT-03,QuickShip Logistics,OWN-03,Amit Patel,WH-03,Ahmedabad,Gujarat,Distribution Hub,Large,01-06-2024,Jun-24,Q2-2024,123191,22174,145365,24,Paid,11-06-2024,0,145365,0,Yes,01-06-2024,11-06-2024,No,Yes,Yes,Business,Logistics,On-time,42,1,0,145365,3,4,1,1,12.5,High-Value Regular,18,3,High-Value Regular,finance@quickship.in,9834567890,Vikram Singh,amit.patel@warehub.in,9812345678
TXN-0055,TNT-03,QuickShip Logistics,OWN-03,Amit Patel,WH-03,Ahmedabad,Gujarat,Distribution Hub,Large,01-09-2024,Sep-24,Q3-2024,123191,22174,145365,24,Paid,11-09-2024,0,145365,0,Yes,01-09-2024,11-09-2024,No,Yes,Yes,Business,Logistics,On-time,42,1,0,145365,3,4,1,1,12.5,High-Value Regular,21,3,High-Value Regular,finance@quickship.in,9834567890,Vikram Singh,amit.patel@warehub.in,9812345678
TXN-0056,TNT-03,QuickShip Logistics,OWN-03,Amit Patel,WH-03,Ahmedabad,Gujarat,Distribution Hub,Large,01-11-2024,Nov-24,Q4-2024,123191,22174,145365,24,Paid,11-11-2024,0,145365,0,Yes,01-11-2024,11-11-2024,No,Yes,Yes,Business,Logistics,On-time,42,1,0,145365,3,4,1,1,12.5,High-Value Regular,23,3,High-Value Regular,finance@quickship.in,9834567890,Vikram Singh,amit.patel@warehub.in,9812345678
TXN-0057,TNT-04,TextilePro Exports,OWN-04,Sunita Gupta,WH-04,Surat,Gujarat,Dry Warehouse,Medium,01-01-2023,Jan-23,Q1-2023,28165,5069,33234,12,Not Paid,,751,0,33234,Yes,01-01-2023,11-01-2023,Yes,Yes,Yes,Business,Textile,Defaulted,18,0,0,0,2,2,4,1,92.5,Defaulter,1,1,Late Payer,admin@textilepro.com,9845678901,Anita Desai,sunita.gupta@warehub.in,9898765432
TXN-0058,TNT-04,TextilePro Exports,OWN-04,Sunita Gupta,WH-04,Surat,Gujarat,Dry Warehouse,Medium,01-02-2023,Feb-23,Q1-2023,28165,5069,33234,12,Paid,20-02-2023,9,33234,0,Yes,01-02-2023,11-02-2023,No,Yes,Yes,Business,Textile,Slightly Delayed,18,1,1,33234,2,2,2,1,36.5,Late Payer,2,2,Regular Payer,admin@textilepro.com,9845678901,Anita Desai,sunita.gupta@warehub.in,9898765432
TXN-0059,TNT-04,TextilePro Exports,OWN-04,Sunita Gupta,WH-04,Surat,Gujarat,Dry Warehouse,Medium,01-04-2023,Apr-23,Q2-2023,28165,5069,33234,12,Paid,03-05-2023,22,33234,0,Yes,01-04-2023,11-04-2023,Yes,Yes,Yes,Business,Textile,Delayed,18,1,1,33234,2,2,3,1,52.3,Late Payer,4,2,Regular Payer,admin@textilepro.com,9845678901,Anita Desai,sunita.gupta@warehub.in,9898765432
TXN-0060,TNT-04,TextilePro Exports,OWN-04,Sunita Gupta,WH-04,Surat,Gujarat,Dry Warehouse,Medium,01-05-2023,May-23,Q2-2023,28165,5069,33234,12,Paid,01-06-2023,21,33234,0,Yes,01-05-2023,11-05-2023,Yes,Yes,Yes,Business,Textile,Delayed,18,1,1,33234,2,2,3,1,51.8,Late Payer,5,2,Regular Payer,admin@textilepro.com,9845678901,Anita Desai,sunita.gupta@warehub.in,9898765432
TXN-0061,TNT-04,TextilePro Exports,OWN-04,Sunita Gupta,WH-04,Surat,Gujarat,Dry Warehouse,Medium,01-06-2023,Jun-23,Q2-2023,28165,5069,33234,12,Not Paid,,600,0,33234,Yes,01-06-2023,11-06-2023,Yes,Yes,Yes,Business,Textile,Defaulted,18,0,0,0,2,2,4,1,92.5,Defaulter,6,1,Late Payer,admin@textilepro.com,9845678901,Anita Desai,sunita.gupta@warehub.in,9898765432
TXN-0062,TNT-04,TextilePro Exports,OWN-04,Sunita Gupta,WH-04,Surat,Gujarat,Dry Warehouse,Medium,01-07-2023,Jul-23,Q3-2023,28165,5069,33234,12,Not Paid,,570,0,33234,Yes,01-07-2023,11-07-2023,Yes,Yes,Yes,Business,Textile,Defaulted,18,0,0,0,2,2,4,1,92.5,Defaulter,7,1,Late Payer,admin@textilepro.com,9845678901,Anita Desai,sunita.gupta@warehub.in,9898765432
TXN-0063,TNT-04,TextilePro Exports,OWN-04,Sunita Gupta,WH-04,Surat,Gujarat,Dry Warehouse,Medium,01-08-2023,Aug-23,Q3-2023,28165,5069,33234,12,Paid,22-08-2023,11,33234,0,Yes,01-08-2023,11-08-2023,Yes,Yes,Yes,Business,Textile,Delayed,18,1,1,33234,2,2,3,1,47.4,Late Payer,8,2,Regular Payer,admin@textilepro.com,9845678901,Anita Desai,sunita.gupta@warehub.in,9898765432
TXN-0064,TNT-04,TextilePro Exports,OWN-04,Sunita Gupta,WH-04,Surat,Gujarat,Dry Warehouse,Medium,01-09-2023,Sep-23,Q3-2023,28165,5069,33234,12,Paid,28-09-2023,17,33234,0,Yes,01-09-2023,11-09-2023,Yes,Yes,Yes,Business,Textile,Delayed,18,1,1,33234,2,2,3,1,50.1,Late Payer,9,2,Regular Payer,admin@textilepro.com,9845678901,Anita Desai,sunita.gupta@warehub.in,9898765432
TXN-0065,TNT-04,TextilePro Exports,OWN-04,Sunita Gupta,WH-04,Surat,Gujarat,Dry Warehouse,Medium,01-10-2023,Oct-23,Q4-2023,28165,5069,33234,12,Not Paid,,478,0,33234,Yes,01-10-2023,11-10-2023,Yes,Yes,Yes,Business,Textile,Defaulted,18,0,0,0,2,2,4,1,92.5,Defaulter,10,1,Late Payer,admin@textilepro.com,9845678901,Anita Desai,sunita.gupta@warehub.in,9898765432
TXN-0066,TNT-04,TextilePro Exports,OWN-04,Sunita Gupta,WH-04,Surat,Gujarat,Dry Warehouse,Medium,01-11-2023,Nov-23,Q4-2023,28165,5069,33234,12,Paid,02-12-2023,21,33234,0,Yes,01-11-2023,11-11-2023,Yes,Yes,Yes,Business,Textile,Delayed,18,1,1,33234,2,2,3,1,51.8,Late Payer,11,2,Regular Payer,admin@textilepro.com,9845678901,Anita Desai,sunita.gupta@warehub.in,9898765432
TXN-0067,TNT-04,TextilePro Exports,OWN-04,Sunita Gupta,WH-04,Surat,Gujarat,Dry Warehouse,Medium,01-12-2023,Dec-23,Q4-2023,28165,5069,33234,12,Paid,23-12-2023,12,33234,0,Yes,01-12-2023,11-12-2023,Yes,Yes,Yes,Business,Textile,Delayed,18,1,1,33234,2,2,3,1,47.8,Late Payer,12,2,Regular Payer,admin@textilepro.com,9845678901,Anita Desai,sunita.gupta@warehub.in,9898765432
TXN-0068,TNT-04,TextilePro Exports,OWN-04,Sunita Gupta,WH-04,Surat,Gujarat,Dry Warehouse,Medium,01-02-2024,Feb-24,Q1-2024,28165,5069,33234,12,Paid,26-02-2024,15,33234,0,Yes,01-02-2024,11-02-2024,Yes,Yes,Yes,Business,Textile,Delayed,18,1,1,33234,2,2,3,1,49.2,Late Payer,14,2,Regular Payer,admin@textilepro.com,9845678901,Anita Desai,sunita.gupta@warehub.in,9898765432
TXN-0069,TNT-04,TextilePro Exports,OWN-04,Sunita Gupta,WH-04,Surat,Gujarat,Dry Warehouse,Medium,01-03-2024,Mar-24,Q1-2024,28165,5069,33234,12,Paid,02-04-2024,22,33234,0,Yes,01-03-2024,11-03-2024,Yes,Yes,Yes,Business,Textile,Delayed,18,1,1,33234,2,2,3,1,52.3,Late Payer,15,2,Regular Payer,admin@textilepro.com,9845678901,Anita Desai,sunita.gupta@warehub.in,9898765432
TXN-0070,TNT-04,TextilePro Exports,OWN-04,Sunita Gupta,WH-04,Surat,Gujarat,Dry Warehouse,Medium,01-04-2024,Apr-24,Q2-2024,28165,5069,33234,12,Paid,23-04-2024,12,33234,0,Yes,01-04-2024,11-04-2024,Yes,Yes,Yes,Business,Textile,Delayed,18,1,1,33234,2,2,3,1,47.8,Late Payer,16,2,Regular Payer,admin@textilepro.com,9845678901,Anita Desai,sunita.gupta@warehub.in,9898765432
TXN-0071,TNT-04,TextilePro Exports,OWN-04,Sunita Gupta,WH-04,Surat,Gujarat,Dry Warehouse,Medium,01-05-2024,May-24,Q2-2024,28165,5069,33234,12,Paid,05-06-2024,25,33234,0,Yes,01-05-2024,11-05-2024,Yes,Yes,Yes,Business,Textile,Delayed,18,1,1,33234,2,2,3,1,53.6,Late Payer,17,2,Regular Payer,admin@textilepro.com,9845678901,Anita Desai,sunita.gupta@warehub.in,9898765432
TXN-0072,TNT-04,TextilePro Exports,OWN-04,Sunita Gupta,WH-04,Surat,Gujarat,Dry Warehouse,Medium,01-06-2024,Jun-24,Q2-2024,28165,5069,33234,12,Paid,18-06-2024,7,33234,0,Yes,01-06-2024,11-06-2024,No,Yes,Yes,Business,Textile,Slightly Delayed,18,1,1,33234,2,2,2,1,35.6,Late Payer,18,2,Regular Payer,admin@textilepro.com,9845678901,Anita Desai,sunita.gupta@warehub.in,9898765432
TXN-0073,TNT-04,TextilePro Exports,OWN-04,Sunita Gupta,WH-04,Surat,Gujarat,Dry Warehouse,Medium,01-07-2024,Jul-24,Q3-2024,28165,5069,33234,12,Not Paid,,204,0,33234,Yes,01-07-2024,11-07-2024,Yes,Yes,Yes,Business,Textile,Defaulted,18,0,0,0,2,2,4,1,92.5,Defaulter,19,1,Late Payer,admin@textilepro.com,9845678901,Anita Desai,sunita.gupta@warehub.in,9898765432
TXN-0074,TNT-04,TextilePro Exports,OWN-04,Sunita Gupta,WH-04,Surat,Gujarat,Dry Warehouse,Medium,01-08-2024,Aug-24,Q3-2024,28165,5069,33234,12,Paid,23-08-2024,12,33234,0,Yes,01-08-2024,11-08-2024,Yes,Yes,Yes,Business,Textile,Delayed,18,1,1,33234,2,2,3,1,47.8,Late Payer,20,2,Regular Payer,admin@textilepro.com,9845678901,Anita Desai,sunita.gupta@warehub.in,9898765432
TXN-0075,TNT-04,TextilePro Exports,OWN-04,Sunita Gupta,WH-04,Surat,Gujarat,Dry Warehouse,Medium,01-09-2024,Sep-24,Q3-2024,28165,5069,33234,12,Paid,01-10-2024,20,33234,0,Yes,01-09-2024,11-09-2024,Yes,Yes,Yes,Business,Textile,Delayed,18,1,1,33234,2,2,3,1,51.4,Late Payer,21,2,Regular Payer,admin@textilepro.com,9845678901,Anita Desai,sunita.gupta@warehub.in,9898765432
TXN-0076,TNT-04,TextilePro Exports,OWN-04,Sunita Gupta,WH-04,Surat,Gujarat,Dry Warehouse,Medium,01-10-2024,Oct-24,Q4-2024,28165,5069,33234,12,Paid,20-10-2024,9,33234,0,Yes,01-10-2024,11-10-2024,No,Yes,Yes,Business,Textile,Slightly Delayed,18,1,1,33234,2,2,2,1,36.5,Late Payer,22,2,Regular Payer,admin@textilepro.com,9845678901,Anita Desai,sunita.gupta@warehub.in,9898765432
TXN-0077,TNT-04,TextilePro Exports,OWN-04,Sunita Gupta,WH-04,Surat,Gujarat,Dry Warehouse,Medium,01-11-2024,Nov-24,Q4-2024,28165,5069,33234,12,Paid,04-12-2024,23,33234,0,Yes,01-11-2024,11-11-2024,Yes,Yes,Yes,Business,Textile,Delayed,18,1,1,33234,2,2,3,1,52.7,Late Payer,23,2,Regular Payer,admin@textilepro.com,9845678901,Anita Desai,sunita.gupta@warehub.in,9898765432
TXN-0078,TNT-04,TextilePro Exports,OWN-04,Sunita Gupta,WH-04,Surat,Gujarat,Dry Warehouse,Medium,01-12-2024,Dec-24,Q4-2024,28165,5069,33234,12,Paid,23-12-2024,12,33234,0,Yes,01-12-2024,11-12-2024,Yes,Yes,Yes,Business,Textile,Delayed,18,1,1,33234,2,2,3,1,47.8,Late Payer,24,2,Regular Payer,admin@textilepro.com,9845678901,Anita Desai,sunita.gupta@warehub.in,9898765432
TXN-0079,TNT-05,PharmaPlus India,OWN-02,Meena Joshi,WH-05,Jaipur,Rajasthan,Cold Storage,Small,01-01-2023,Jan-23,Q1-2023,21061,3790,24851,24,Paid,11-01-2023,0,24851,0,Yes,01-01-2023,11-01-2023,No,Yes,Yes,Business,Pharma,On-time,30,1,0,24851,1,3,1,1,17.5,Regular Payer,1,0,Regular Payer,ap@pharmaplus.in,9856789012,Dr. R. Mehta,meena.joshi@warehub.in,9823456789
TXN-0080,TNT-05,PharmaPlus India,OWN-02,Meena Joshi,WH-05,Jaipur,Rajasthan,Cold Storage,Small,01-02-2023,Feb-23,Q1-2023,21061,3790,24851,24,Paid,11-02-2023,0,24851,0,Yes,01-02-2023,11-02-2023,No,Yes,Yes,Business,Pharma,On-time,30,1,0,24851,1,3,1,1,17.5,Regular Payer,2,0,Regular Payer,ap@pharmaplus.in,9856789012,Dr. R. Mehta,meena.joshi@warehub.in,9823456789
TXN-0081,TNT-05,PharmaPlus India,OWN-02,Meena Joshi,WH-05,Jaipur,Rajasthan,Cold Storage,Small,01-03-2023,Mar-23,Q1-2023,21061,3790,24851,24,Paid,11-03-2023,0,24851,0,Yes,01-03-2023,11-03-2023,No,Yes,Yes,Business,Pharma,On-time,30,1,0,24851,1,3,1,1,17.5,Regular Payer,3,0,Regular Payer,ap@pharmaplus.in,9856789012,Dr. R. Mehta,meena.joshi@warehub.in,9823456789
TXN-0082,TNT-05,PharmaPlus India,OWN-02,Meena Joshi,WH-05,Jaipur,Rajasthan,Cold Storage,Small,01-04-2023,Apr-23,Q2-2023,21061,3790,24851,24,Paid,11-04-2023,0,24851,0,Yes,01-04-2023,11-04-2023,No,Yes,Yes,Business,Pharma,On-time,30,1,0,24851,1,3,1,1,17.5,Regular Payer,4,0,Regular Payer,ap@pharmaplus.in,9856789012,Dr. R. Mehta,meena.joshi@warehub.in,9823456789
TXN-0083,TNT-05,PharmaPlus India,OWN-02,Meena Joshi,WH-05,Jaipur,Rajasthan,Cold Storage,Small,01-06-2023,Jun-23,Q2-2023,21061,3790,24851,24,Paid,11-06-2023,0,24851,0,Yes,01-06-2023,11-06-2023,No,Yes,Yes,Business,Pharma,On-time,30,1,0,24851,1,3,1,1,17.5,Regular Payer,6,0,Regular Payer,ap@pharmaplus.in,9856789012,Dr. R. Mehta,meena.joshi@warehub.in,9823456789
TXN-0084,TNT-05,PharmaPlus India,OWN-02,Meena Joshi,WH-05,Jaipur,Rajasthan,Cold Storage,Small,01-07-2023,Jul-23,Q3-2023,21061,3790,24851,24,Paid,11-07-2023,0,24851,0,Yes,01-07-2023,11-07-2023,No,Yes,Yes,Business,Pharma,On-time,30,1,0,24851,1,3,1,1,17.5,Regular Payer,7,0,Regular Payer,ap@pharmaplus.in,9856789012,Dr. R. Mehta,meena.joshi@warehub.in,9823456789
TXN-0085,TNT-05,PharmaPlus India,OWN-02,Meena Joshi,WH-05,Jaipur,Rajasthan,Cold Storage,Small,01-09-2023,Sep-23,Q3-2023,21061,3790,24851,24,Paid,11-09-2023,0,24851,0,Yes,01-09-2023,11-09-2023,No,Yes,Yes,Business,Pharma,On-time,30,1,0,24851,1,3,1,1,17.5,Regular Payer,9,0,Regular Payer,ap@pharmaplus.in,9856789012,Dr. R. Mehta,meena.joshi@warehub.in,9823456789
TXN-0086,TNT-05,PharmaPlus India,OWN-02,Meena Joshi,WH-05,Jaipur,Rajasthan,Cold Storage,Small,01-10-2023,Oct-23,Q4-2023,21061,3790,24851,24,Paid,11-10-2023,0,24851,0,Yes,01-10-2023,11-10-2023,No,Yes,Yes,Business,Pharma,On-time,30,1,0,24851,1,3,1,1,17.5,Regular Payer,10,0,Regular Payer,ap@pharmaplus.in,9856789012,Dr. R. Mehta,meena.joshi@warehub.in,9823456789
TXN-0087,TNT-05,PharmaPlus India,OWN-02,Meena Joshi,WH-05,Jaipur,Rajasthan,Cold Storage,Small,01-11-2023,Nov-23,Q4-2023,21061,3790,24851,24,Paid,11-11-2023,0,24851,0,Yes,01-11-2023,11-11-2023,No,Yes,Yes,Business,Pharma,On-time,30,1,0,24851,1,3,1,1,17.5,Regular Payer,11,0,Regular Payer,ap@pharmaplus.in,9856789012,Dr. R. Mehta,meena.joshi@warehub.in,9823456789
TXN-0088,TNT-05,PharmaPlus India,OWN-02,Meena Joshi,WH-05,Jaipur,Rajasthan,Cold Storage,Small,01-12-2023,Dec-23,Q4-2023,21061,3790,24851,24,Paid,11-12-2023,0,24851,0,Yes,01-12-2023,11-12-2023,No,Yes,Yes,Business,Pharma,On-time,30,1,0,24851,1,3,1,1,17.5,Regular Payer,12,0,Regular Payer,ap@pharmaplus.in,9856789012,Dr. R. Mehta,meena.joshi@warehub.in,9823456789
TXN-0089,TNT-05,PharmaPlus India,OWN-02,Meena Joshi,WH-05,Jaipur,Rajasthan,Cold Storage,Small,01-01-2024,Jan-24,Q1-2024,21061,3790,24851,24,Paid,11-01-2024,0,24851,0,Yes,01-01-2024,11-01-2024,No,Yes,Yes,Business,Pharma,On-time,30,1,0,24851,1,3,1,1,17.5,Regular Payer,13,0,Regular Payer,ap@pharmaplus.in,9856789012,Dr. R. Mehta,meena.joshi@warehub.in,9823456789
TXN-0090,TNT-05,PharmaPlus India,OWN-02,Meena Joshi,WH-05,Jaipur,Rajasthan,Cold Storage,Small,01-02-2024,Feb-24,Q1-2024,21061,3790,24851,24,Paid,11-02-2024,0,24851,0,Yes,01-02-2024,11-02-2024,No,Yes,Yes,Business,Pharma,On-time,30,1,0,24851,1,3,1,1,17.5,Regular Payer,14,0,Regular Payer,ap@pharmaplus.in,9856789012,Dr. R. Mehta,meena.joshi@warehub.in,9823456789
TXN-0091,TNT-05,PharmaPlus India,OWN-02,Meena Joshi,WH-05,Jaipur,Rajasthan,Cold Storage,Small,01-03-2024,Mar-24,Q1-2024,21061,3790,24851,24,Paid,11-03-2024,0,24851,0,Yes,01-03-2024,11-03-2024,No,Yes,Yes,Business,Pharma,On-time,30,1,0,24851,1,3,1,1,17.5,Regular Payer,15,0,Regular Payer,ap@pharmaplus.in,9856789012,Dr. R. Mehta,meena.joshi@warehub.in,9823456789
TXN-0092,TNT-05,PharmaPlus India,OWN-02,Meena Joshi,WH-05,Jaipur,Rajasthan,Cold Storage,Small,01-04-2024,Apr-24,Q2-2024,21061,3790,24851,24,Paid,11-04-2024,0,24851,0,Yes,01-04-2024,11-04-2024,No,Yes,Yes,Business,Pharma,On-time,30,1,0,24851,1,3,1,1,17.5,Regular Payer,16,0,Regular Payer,ap@pharmaplus.in,9856789012,Dr. R. Mehta,meena.joshi@warehub.in,9823456789
TXN-0093,TNT-05,PharmaPlus India,OWN-02,Meena Joshi,WH-05,Jaipur,Rajasthan,Cold Storage,Small,01-05-2024,May-24,Q2-2024,21061,3790,24851,24,Paid,11-05-2024,0,24851,0,Yes,01-05-2024,11-05-2024,No,Yes,Yes,Business,Pharma,On-time,30,1,0,24851,1,3,1,1,17.5,Regular Payer,17,0,Regular Payer,ap@pharmaplus.in,9856789012,Dr. R. Mehta,meena.joshi@warehub.in,9823456789
TXN-0094,TNT-05,PharmaPlus India,OWN-02,Meena Joshi,WH-05,Jaipur,Rajasthan,Cold Storage,Small,01-06-2024,Jun-24,Q2-2024,21061,3790,24851,24,Paid,11-06-2024,0,24851,0,Yes,01-06-2024,11-06-2024,No,Yes,Yes,Business,Pharma,On-time,30,1,0,24851,1,3,1,1,17.5,Regular Payer,18,0,Regular Payer,ap@pharmaplus.in,9856789012,Dr. R. Mehta,meena.joshi@warehub.in,9823456789
TXN-0095,TNT-05,PharmaPlus India,OWN-02,Meena Joshi,WH-05,Jaipur,Rajasthan,Cold Storage,Small,01-07-2024,Jul-24,Q3-2024,21061,3790,24851,24,Paid,11-07-2024,0,24851,0,Yes,01-07-2024,11-07-2024,No,Yes,Yes,Business,Pharma,On-time,30,1,0,24851,1,3,1,1,17.5,Regular Payer,19,0,Regular Payer,ap@pharmaplus.in,9856789012,Dr. R. Mehta,meena.joshi@warehub.in,9823456789
TXN-0096,TNT-05,PharmaPlus India,OWN-02,Meena Joshi,WH-05,Jaipur,Rajasthan,Cold Storage,Small,01-08-2024,Aug-24,Q3-2024,21061,3790,24851,24,Paid,11-08-2024,0,24851,0,Yes,01-08-2024,11-08-2024,No,Yes,Yes,Business,Pharma,On-time,30,1,0,24851,1,3,1,1,17.5,Regular Payer,20,0,Regular Payer,ap@pharmaplus.in,9856789012,Dr. R. Mehta,meena.joshi@warehub.in,9823456789
TXN-0097,TNT-05,PharmaPlus India,OWN-02,Meena Joshi,WH-05,Jaipur,Rajasthan,Cold Storage,Small,01-10-2024,Oct-24,Q4-2024,21061,3790,24851,24,Paid,11-10-2024,0,24851,0,Yes,01-10-2024,11-10-2024,No,Yes,Yes,Business,Pharma,On-time,30,1,0,24851,1,3,1,1,17.5,Regular Payer,22,0,Regular Payer,ap@pharmaplus.in,9856789012,Dr. R. Mehta,meena.joshi@warehub.in,9823456789
TXN-0098,TNT-05,PharmaPlus India,OWN-02,Meena Joshi,WH-05,Jaipur,Rajasthan,Cold Storage,Small,01-11-2024,Nov-24,Q4-2024,21061,3790,24851,24,Paid,11-11-2024,0,24851,0,Yes,01-11-2024,11-11-2024,No,Yes,Yes,Business,Pharma,On-time,30,1,0,24851,1,3,1,1,17.5,Regular Payer,23,0,Regular Payer,ap@pharmaplus.in,9856789012,Dr. R. Mehta,meena.joshi@warehub.in,9823456789
TXN-0099,TNT-05,PharmaPlus India,OWN-02,Meena Joshi,WH-05,Jaipur,Rajasthan,Cold Storage,Small,01-12-2024,Dec-24,Q4-2024,21061,3790,24851,24,Paid,11-12-2024,0,24851,0,Yes,01-12-2024,11-12-2024,No,Yes,Yes,Business,Pharma,On-time,30,1,0,24851,1,3,1,1,17.5,Regular Payer,24,0,Regular Payer,ap@pharmaplus.in,9856789012,Dr. R. Mehta,meena.joshi@warehub.in,9823456789
TXN-0100,TNT-06,Metro Distributors,OWN-01,Rajesh Shah,WH-06,Udaipur,Rajasthan,Distribution Hub,Large,01-01-2023,Jan-23,Q1-2023,107423,19336,126759,24,Paid,11-01-2023,0,126759,0,Yes,01-01-2023,11-01-2023,No,Yes,Yes,Business,FMCG,On-time,24,1,0,126759,3,4,1,1,20,High-Value Regular,1,0,Regular Payer,accounts@metrodist.co.in,9867890123,Rajan Gupta,rajesh.shah@warehub.in,9876543210
TXN-0101,TNT-06,Metro Distributors,OWN-01,Rajesh Shah,WH-06,Udaipur,Rajasthan,Distribution Hub,Large,01-04-2023,Apr-23,Q2-2023,107423,19336,126759,24,Paid,11-04-2023,0,126759,0,Yes,01-04-2023,11-04-2023,No,Yes,Yes,Business,FMCG,On-time,24,1,0,126759,3,4,1,1,20,High-Value Regular,4,0,Regular Payer,accounts@metrodist.co.in,9867890123,Rajan Gupta,rajesh.shah@warehub.in,9876543210
TXN-0102,TNT-06,Metro Distributors,OWN-01,Rajesh Shah,WH-06,Udaipur,Rajasthan,Distribution Hub,Large,01-05-2023,May-23,Q2-2023,107423,19336,126759,24,Paid,11-05-2023,0,126759,0,Yes,01-05-2023,11-05-2023,No,Yes,Yes,Business,FMCG,On-time,24,1,0,126759,3,4,1,1,20,High-Value Regular,5,0,Regular Payer,accounts@metrodist.co.in,9867890123,Rajan Gupta,rajesh.shah@warehub.in,9876543210
TXN-0103,TNT-06,Metro Distributors,OWN-01,Rajesh Shah,WH-06,Udaipur,Rajasthan,Distribution Hub,Large,01-07-2023,Jul-23,Q3-2023,107423,19336,126759,24,Paid,11-07-2023,0,126759,0,Yes,01-07-2023,11-07-2023,No,Yes,Yes,Business,FMCG,On-time,24,1,0,126759,3,4,1,1,20,High-Value Regular,7,0,Regular Payer,accounts@metrodist.co.in,9867890123,Rajan Gupta,rajesh.shah@warehub.in,9876543210
TXN-0104,TNT-06,Metro Distributors,OWN-01,Rajesh Shah,WH-06,Udaipur,Rajasthan,Distribution Hub,Large,01-09-2023,Sep-23,Q3-2023,107423,19336,126759,24,Paid,11-09-2023,0,126759,0,Yes,01-09-2023,11-09-2023,No,Yes,Yes,Business,FMCG,On-time,24,1,0,126759,3,4,1,1,20,High-Value Regular,9,0,Regular Payer,accounts@metrodist.co.in,9867890123,Rajan Gupta,rajesh.shah@warehub.in,9876543210
TXN-0105,TNT-06,Metro Distributors,OWN-01,Rajesh Shah,WH-06,Udaipur,Rajasthan,Distribution Hub,Large,01-10-2023,Oct-23,Q4-2023,107423,19336,126759,24,Paid,11-10-2023,0,126759,0,Yes,01-10-2023,11-10-2023,No,Yes,Yes,Business,FMCG,On-time,24,1,0,126759,3,4,1,1,20,High-Value Regular,10,0,Regular Payer,accounts@metrodist.co.in,9867890123,Rajan Gupta,rajesh.shah@warehub.in,9876543210
TXN-0106,TNT-06,Metro Distributors,OWN-01,Rajesh Shah,WH-06,Udaipur,Rajasthan,Distribution Hub,Large,01-01-2024,Jan-24,Q1-2024,107423,19336,126759,24,Paid,11-01-2024,0,126759,0,Yes,01-01-2024,11-01-2024,No,Yes,Yes,Business,FMCG,On-time,24,1,0,126759,3,4,1,1,20,High-Value Regular,13,0,Regular Payer,accounts@metrodist.co.in,9867890123,Rajan Gupta,rajesh.shah@warehub.in,9876543210
TXN-0107,TNT-06,Metro Distributors,OWN-01,Rajesh Shah,WH-06,Udaipur,Rajasthan,Distribution Hub,Large,01-02-2024,Feb-24,Q1-2024,107423,19336,126759,24,Paid,11-02-2024,0,126759,0,Yes,01-02-2024,11-02-2024,No,Yes,Yes,Business,FMCG,On-time,24,1,0,126759,3,4,1,1,20,High-Value Regular,14,0,Regular Payer,accounts@metrodist.co.in,9867890123,Rajan Gupta,rajesh.shah@warehub.in,9876543210
TXN-0108,TNT-06,Metro Distributors,OWN-01,Rajesh Shah,WH-06,Udaipur,Rajasthan,Distribution Hub,Large,01-03-2024,Mar-24,Q1-2024,107423,19336,126759,24,Paid,11-03-2024,0,126759,0,Yes,01-03-2024,11-03-2024,No,Yes,Yes,Business,FMCG,On-time,24,1,0,126759,3,4,1,1,20,High-Value Regular,15,0,Regular Payer,accounts@metrodist.co.in,9867890123,Rajan Gupta,rajesh.shah@warehub.in,9876543210
TXN-0109,TNT-06,Metro Distributors,OWN-01,Rajesh Shah,WH-06,Udaipur,Rajasthan,Distribution Hub,Large,01-04-2024,Apr-24,Q2-2024,107423,19336,126759,24,Paid,11-04-2024,0,126759,0,Yes,01-04-2024,11-04-2024,No,Yes,Yes,Business,FMCG,On-time,24,1,0,126759,3,4,1,1,20,High-Value Regular,16,0,Regular Payer,accounts@metrodist.co.in,9867890123,Rajan Gupta,rajesh.shah@warehub.in,9876543210
TXN-0110,TNT-06,Metro Distributors,OWN-01,Rajesh Shah,WH-06,Udaipur,Rajasthan,Distribution Hub,Large,01-05-2024,May-24,Q2-2024,107423,19336,126759,24,Paid,11-05-2024,0,126759,0,Yes,01-05-2024,11-05-2024,No,Yes,Yes,Business,FMCG,On-time,24,1,0,126759,3,4,1,1,20,High-Value Regular,17,0,Regular Payer,accounts@metrodist.co.in,9867890123,Rajan Gupta,rajesh.shah@warehub.in,9876543210
TXN-0111,TNT-06,Metro Distributors,OWN-01,Rajesh Shah,WH-06,Udaipur,Rajasthan,Distribution Hub,Large,01-06-2024,Jun-24,Q2-2024,107423,19336,126759,24,Paid,11-06-2024,0,126759,0,Yes,01-06-2024,11-06-2024,No,Yes,Yes,Business,FMCG,On-time,24,1,0,126759,3,4,1,1,20,High-Value Regular,18,0,Regular Payer,accounts@metrodist.co.in,9867890123,Rajan Gupta,rajesh.shah@warehub.in,9876543210
TXN-0112,TNT-06,Metro Distributors,OWN-01,Rajesh Shah,WH-06,Udaipur,Rajasthan,Distribution Hub,Large,01-09-2024,Sep-24,Q3-2024,107423,19336,126759,24,Paid,11-09-2024,0,126759,0,Yes,01-09-2024,11-09-2024,No,Yes,Yes,Business,FMCG,On-time,24,1,0,126759,3,4,1,1,20,High-Value Regular,21,0,Regular Payer,accounts@metrodist.co.in,9867890123,Rajan Gupta,rajesh.shah@warehub.in,9876543210
TXN-0113,TNT-06,Metro Distributors,OWN-01,Rajesh Shah,WH-06,Udaipur,Rajasthan,Distribution Hub,Large,01-11-2024,Nov-24,Q4-2024,107423,19336,126759,24,Not Paid,,81,0,126759,Yes,01-11-2024,11-11-2024,Yes,Yes,Yes,Business,FMCG,Defaulted,24,0,0,0,3,4,4,1,86,Defaulter,23,1,Late Payer,accounts@metrodist.co.in,9867890123,Rajan Gupta,rajesh.shah@warehub.in,9876543210
TXN-0114,TNT-07,TechParts India,OWN-03,Amit Patel,WH-07,Pune,Maharashtra,Dry Warehouse,Medium,01-02-2023,Feb-23,Q1-2023,36992,6658,43650,12,Paid,19-03-2023,36,43650,0,Yes,01-02-2023,11-02-2023,Yes,Yes,Yes,Business,Electronics,Delayed,12,1,1,43650,2,2,3,1,61,Late Payer,2,2,Regular Payer,finance@techparts.in,9878901234,Kiran Joshi,amit.patel@warehub.in,9812345678
TXN-0115,TNT-07,TechParts India,OWN-03,Amit Patel,WH-07,Pune,Maharashtra,Dry Warehouse,Medium,01-03-2023,Mar-23,Q1-2023,36992,6658,43650,12,Paid,19-04-2023,39,43650,0,Yes,01-03-2023,11-03-2023,Yes,Yes,Yes,Business,Electronics,Delayed,12,1,1,43650,2,2,3,1,62.3,Late Payer,3,2,Regular Payer,finance@techparts.in,9878901234,Kiran Joshi,amit.patel@warehub.in,9812345678
TXN-0116,TNT-07,TechParts India,OWN-03,Amit Patel,WH-07,Pune,Maharashtra,Dry Warehouse,Medium,01-04-2023,Apr-23,Q2-2023,36992,6658,43650,12,Not Paid,,661,0,43650,Yes,01-04-2023,11-04-2023,Yes,Yes,Yes,Business,Electronics,Defaulted,12,0,0,0,2,2,4,1,95,Defaulter,4,1,Late Payer,finance@techparts.in,9878901234,Kiran Joshi,amit.patel@warehub.in,9812345678
TXN-0117,TNT-07,TechParts India,OWN-03,Amit Patel,WH-07,Pune,Maharashtra,Dry Warehouse,Medium,01-09-2023,Sep-23,Q3-2023,36992,6658,43650,12,Not Paid,,508,0,43650,Yes,01-09-2023,11-09-2023,Yes,Yes,Yes,Business,Electronics,Defaulted,12,0,0,0,2,2,4,1,95,Defaulter,9,1,Late Payer,finance@techparts.in,9878901234,Kiran Joshi,amit.patel@warehub.in,9812345678
TXN-0118,TNT-07,TechParts India,OWN-03,Amit Patel,WH-07,Pune,Maharashtra,Dry Warehouse,Medium,01-11-2023,Nov-23,Q4-2023,36992,6658,43650,12,Paid,09-01-2024,59,43650,0,Yes,01-11-2023,11-11-2023,Yes,Yes,Yes,Business,Electronics,Delayed,12,1,1,43650,2,2,3,1,71.2,Late Payer,11,2,Regular Payer,finance@techparts.in,9878901234,Kiran Joshi,amit.patel@warehub.in,9812345678
TXN-0119,TNT-07,TechParts India,OWN-03,Amit Patel,WH-07,Pune,Maharashtra,Dry Warehouse,Medium,01-12-2023,Dec-23,Q4-2023,36992,6658,43650,12,Not Paid,,417,0,43650,Yes,01-12-2023,11-12-2023,Yes,Yes,Yes,Business,Electronics,Defaulted,12,0,0,0,2,2,4,1,95,Defaulter,12,1,Late Payer,finance@techparts.in,9878901234,Kiran Joshi,amit.patel@warehub.in,9812345678
TXN-0120,TNT-07,TechParts India,OWN-03,Amit Patel,WH-07,Pune,Maharashtra,Dry Warehouse,Medium,01-02-2024,Feb-24,Q1-2024,36992,6658,43650,12,Paid,15-03-2024,33,43650,0,Yes,01-02-2024,11-02-2024,Yes,Yes,Yes,Business,Electronics,Delayed,12,1,1,43650,2,2,3,1,59.7,Late Payer,14,2,Regular Payer,finance@techparts.in,9878901234,Kiran Joshi,amit.patel@warehub.in,9812345678
TXN-0121,TNT-07,TechParts India,OWN-03,Amit Patel,WH-07,Pune,Maharashtra,Dry Warehouse,Medium,01-05-2024,May-24,Q2-2024,36992,6658,43650,12,Not Paid,,265,0,43650,Yes,01-05-2024,11-05-2024,Yes,Yes,Yes,Business,Electronics,Defaulted,12,0,0,0,2,2,4,1,95,Defaulter,17,1,Late Payer,finance@techparts.in,9878901234,Kiran Joshi,amit.patel@warehub.in,9812345678
TXN-0122,TNT-07,TechParts India,OWN-03,Amit Patel,WH-07,Pune,Maharashtra,Dry Warehouse,Medium,01-06-2024,Jun-24,Q2-2024,36992,6658,43650,12,Not Paid,,234,0,43650,Yes,01-06-2024,11-06-2024,Yes,Yes,Yes,Business,Electronics,Defaulted,12,0,0,0,2,2,4,1,95,Defaulter,18,1,Late Payer,finance@techparts.in,9878901234,Kiran Joshi,amit.patel@warehub.in,9812345678
TXN-0123,TNT-07,TechParts India,OWN-03,Amit Patel,WH-07,Pune,Maharashtra,Dry Warehouse,Medium,01-07-2024,Jul-24,Q3-2024,36992,6658,43650,12,Paid,15-08-2024,35,43650,0,Yes,01-07-2024,11-07-2024,Yes,Yes,Yes,Business,Electronics,Delayed,12,1,1,43650,2,2,3,1,60.6,Late Payer,19,2,Regular Payer,finance@techparts.in,9878901234,Kiran Joshi,amit.patel@warehub.in,9812345678
TXN-0124,TNT-07,TechParts India,OWN-03,Amit Patel,WH-07,Pune,Maharashtra,Dry Warehouse,Medium,01-08-2024,Aug-24,Q3-2024,36992,6658,43650,12,Paid,10-09-2024,30,43650,0,Yes,01-08-2024,11-08-2024,Yes,Yes,Yes,Business,Electronics,Delayed,12,1,1,43650,2,2,3,1,58.3,Late Payer,20,2,Regular Payer,finance@techparts.in,9878901234,Kiran Joshi,amit.patel@warehub.in,9812345678
TXN-0125,TNT-07,TechParts India,OWN-03,Amit Patel,WH-07,Pune,Maharashtra,Dry Warehouse,Medium,01-12-2024,Dec-24,Q4-2024,36992,6658,43650,12,Paid,03-02-2025,54,43650,0,Yes,01-12-2024,11-12-2024,Yes,Yes,Yes,Business,Electronics,Delayed,12,1,1,43650,2,2,3,1,69,Late Payer,24,2,Regular Payer,finance@techparts.in,9878901234,Kiran Joshi,amit.patel@warehub.in,9812345678
TXN-0126,TNT-08,Sunrise Foods,OWN-04,Sunita Gupta,WH-08,Ahmedabad,Gujarat,General,Small,01-01-2023,Jan-23,Q1-2023,14072,2532,16604,12,Paid,05-02-2023,25,16604,0,Yes,01-01-2023,11-01-2023,Yes,Yes,Yes,Business,Food & Bev,Delayed,20,1,1,16604,1,1,3,1,52.8,Late Payer,1,2,Regular Payer,billing@sunrisefoods.co.in,9889012345,Neha Agarwal,sunita.gupta@warehub.in,9898765432
TXN-0127,TNT-08,Sunrise Foods,OWN-04,Sunita Gupta,WH-08,Ahmedabad,Gujarat,General,Small,01-02-2023,Feb-23,Q1-2023,14072,2532,16604,12,Not Paid,,720,0,16604,Yes,01-02-2023,11-02-2023,Yes,Yes,Yes,Business,Food & Bev,Defaulted,20,0,0,0,1,1,4,1,91.7,Defaulter,2,1,Late Payer,billing@sunrisefoods.co.in,9889012345,Neha Agarwal,sunita.gupta@warehub.in,9898765432
TXN-0128,TNT-08,Sunrise Foods,OWN-04,Sunita Gupta,WH-08,Ahmedabad,Gujarat,General,Small,01-03-2023,Mar-23,Q1-2023,14072,2532,16604,12,Paid,17-03-2023,6,16604,0,Yes,01-03-2023,11-03-2023,No,Yes,Yes,Business,Food & Bev,Slightly Delayed,20,1,1,16604,1,1,2,1,34.3,Late Payer,3,2,Regular Payer,billing@sunrisefoods.co.in,9889012345,Neha Agarwal,sunita.gupta@warehub.in,9898765432
TXN-0129,TNT-08,Sunrise Foods,OWN-04,Sunita Gupta,WH-08,Ahmedabad,Gujarat,General,Small,01-04-2023,Apr-23,Q2-2023,14072,2532,16604,12,Paid,29-04-2023,18,16604,0,Yes,01-04-2023,11-04-2023,Yes,Yes,Yes,Business,Food & Bev,Delayed,20,1,1,16604,1,1,3,1,49.7,Late Payer,4,2,Regular Payer,billing@sunrisefoods.co.in,9889012345,Neha Agarwal,sunita.gupta@warehub.in,9898765432
TXN-0130,TNT-08,Sunrise Foods,OWN-04,Sunita Gupta,WH-08,Ahmedabad,Gujarat,General,Small,01-05-2023,May-23,Q2-2023,14072,2532,16604,12,Not Paid,,631,0,16604,Yes,01-05-2023,11-05-2023,Yes,Yes,Yes,Business,Food & Bev,Defaulted,20,0,0,0,1,1,4,1,91.7,Defaulter,5,1,Late Payer,billing@sunrisefoods.co.in,9889012345,Neha Agarwal,sunita.gupta@warehub.in,9898765432
TXN-0131,TNT-08,Sunrise Foods,OWN-04,Sunita Gupta,WH-08,Ahmedabad,Gujarat,General,Small,01-06-2023,Jun-23,Q2-2023,14072,2532,16604,12,Paid,20-06-2023,9,16604,0,Yes,01-06-2023,11-06-2023,No,Yes,Yes,Business,Food & Bev,Slightly Delayed,20,1,1,16604,1,1,2,1,35.7,Late Payer,6,2,Regular Payer,billing@sunrisefoods.co.in,9889012345,Neha Agarwal,sunita.gupta@warehub.in,9898765432
TXN-0132,TNT-08,Sunrise Foods,OWN-04,Sunita Gupta,WH-08,Ahmedabad,Gujarat,General,Small,01-09-2023,Sep-23,Q3-2023,14072,2532,16604,12,Paid,24-09-2023,13,16604,0,Yes,01-09-2023,11-09-2023,Yes,Yes,Yes,Business,Food & Bev,Delayed,20,1,1,16604,1,1,3,1,47.4,Late Payer,9,2,Regular Payer,billing@sunrisefoods.co.in,9889012345,Neha Agarwal,sunita.gupta@warehub.in,9898765432
TXN-0133,TNT-08,Sunrise Foods,OWN-04,Sunita Gupta,WH-08,Ahmedabad,Gujarat,General,Small,01-10-2023,Oct-23,Q4-2023,14072,2532,16604,12,Paid,30-10-2023,19,16604,0,Yes,01-10-2023,11-10-2023,Yes,Yes,Yes,Business,Food & Bev,Delayed,20,1,1,16604,1,1,3,1,50.1,Late Payer,10,2,Regular Payer,billing@sunrisefoods.co.in,9889012345,Neha Agarwal,sunita.gupta@warehub.in,9898765432
TXN-0134,TNT-08,Sunrise Foods,OWN-04,Sunita Gupta,WH-08,Ahmedabad,Gujarat,General,Small,01-12-2023,Dec-23,Q4-2023,14072,2532,16604,12,Paid,29-12-2023,18,16604,0,Yes,01-12-2023,11-12-2023,Yes,Yes,Yes,Business,Food & Bev,Delayed,20,1,1,16604,1,1,3,1,49.7,Late Payer,12,2,Regular Payer,billing@sunrisefoods.co.in,9889012345,Neha Agarwal,sunita.gupta@warehub.in,9898765432
TXN-0135,TNT-08,Sunrise Foods,OWN-04,Sunita Gupta,WH-08,Ahmedabad,Gujarat,General,Small,01-03-2024,Mar-24,Q1-2024,14072,2532,16604,12,Paid,19-03-2024,8,16604,0,Yes,01-03-2024,11-03-2024,No,Yes,Yes,Business,Food & Bev,Slightly Delayed,20,1,1,16604,1,1,2,1,35.2,Late Payer,15,2,Regular Payer,billing@sunrisefoods.co.in,9889012345,Neha Agarwal,sunita.gupta@warehub.in,9898765432
TXN-0136,TNT-08,Sunrise Foods,OWN-04,Sunita Gupta,WH-08,Ahmedabad,Gujarat,General,Small,01-04-2024,Apr-24,Q2-2024,14072,2532,16604,12,Paid,20-04-2024,9,16604,0,Yes,01-04-2024,11-04-2024,No,Yes,Yes,Business,Food & Bev,Slightly Delayed,20,1,1,16604,1,1,2,1,35.7,Late Payer,16,2,Regular Payer,billing@sunrisefoods.co.in,9889012345,Neha Agarwal,sunita.gupta@warehub.in,9898765432
TXN-0137,TNT-08,Sunrise Foods,OWN-04,Sunita Gupta,WH-08,Ahmedabad,Gujarat,General,Small,01-05-2024,May-24,Q2-2024,14072,2532,16604,12,Paid,27-05-2024,16,16604,0,Yes,01-05-2024,11-05-2024,Yes,Yes,Yes,Business,Food & Bev,Delayed,20,1,1,16604,1,1,3,1,48.8,Late Payer,17,2,Regular Payer,billing@sunrisefoods.co.in,9889012345,Neha Agarwal,sunita.gupta@warehub.in,9898765432
TXN-0138,TNT-08,Sunrise Foods,OWN-04,Sunita Gupta,WH-08,Ahmedabad,Gujarat,General,Small,01-06-2024,Jun-24,Q2-2024,14072,2532,16604,12,Paid,20-06-2024,9,16604,0,Yes,01-06-2024,11-06-2024,No,Yes,Yes,Business,Food & Bev,Slightly Delayed,20,1,1,16604,1,1,2,1,35.7,Late Payer,18,2,Regular Payer,billing@sunrisefoods.co.in,9889012345,Neha Agarwal,sunita.gupta@warehub.in,9898765432
TXN-0139,TNT-08,Sunrise Foods,OWN-04,Sunita Gupta,WH-08,Ahmedabad,Gujarat,General,Small,01-07-2024,Jul-24,Q3-2024,14072,2532,16604,12,Paid,17-07-2024,6,16604,0,Yes,01-07-2024,11-07-2024,No,Yes,Yes,Business,Food & Bev,Slightly Delayed,20,1,1,16604,1,1,2,1,34.3,Late Payer,19,2,Regular Payer,billing@sunrisefoods.co.in,9889012345,Neha Agarwal,sunita.gupta@warehub.in,9898765432
TXN-0140,TNT-08,Sunrise Foods,OWN-04,Sunita Gupta,WH-08,Ahmedabad,Gujarat,General,Small,01-08-2024,Aug-24,Q3-2024,14072,2532,16604,12,Paid,17-08-2024,6,16604,0,Yes,01-08-2024,11-08-2024,No,Yes,Yes,Business,Food & Bev,Slightly Delayed,20,1,1,16604,1,1,2,1,34.3,Late Payer,20,2,Regular Payer,billing@sunrisefoods.co.in,9889012345,Neha Agarwal,sunita.gupta@warehub.in,9898765432
TXN-0141,TNT-08,Sunrise Foods,OWN-04,Sunita Gupta,WH-08,Ahmedabad,Gujarat,General,Small,01-09-2024,Sep-24,Q3-2024,14072,2532,16604,12,Not Paid,,142,0,16604,Yes,01-09-2024,11-09-2024,Yes,Yes,Yes,Business,Food & Bev,Defaulted,20,0,0,0,1,1,4,1,91.7,Defaulter,21,1,Late Payer,billing@sunrisefoods.co.in,9889012345,Neha Agarwal,sunita.gupta@warehub.in,9898765432
TXN-0142,TNT-08,Sunrise Foods,OWN-04,Sunita Gupta,WH-08,Ahmedabad,Gujarat,General,Small,01-10-2024,Oct-24,Q4-2024,14072,2532,16604,12,Paid,19-10-2024,8,16604,0,Yes,01-10-2024,11-10-2024,No,Yes,Yes,Business,Food & Bev,Slightly Delayed,20,1,1,16604,1,1,2,1,35.2,Late Payer,22,2,Regular Payer,billing@sunrisefoods.co.in,9889012345,Neha Agarwal,sunita.gupta@warehub.in,9898765432
TXN-0143,TNT-08,Sunrise Foods,OWN-04,Sunita Gupta,WH-08,Ahmedabad,Gujarat,General,Small,01-12-2024,Dec-24,Q4-2024,14072,2532,16604,12,Paid,02-01-2025,22,16604,0,Yes,01-12-2024,11-12-2024,Yes,Yes,Yes,Business,Food & Bev,Delayed,20,1,1,16604,1,1,3,1,51.4,Late Payer,24,2,Regular Payer,billing@sunrisefoods.co.in,9889012345,Neha Agarwal,sunita.gupta@warehub.in,9898765432
TXN-0144,TNT-09,MegaFreight Co.,OWN-03,Amit Patel,WH-09,Mumbai,Maharashtra,Distribution Hub,Large,01-01-2023,Jan-23,Q1-2023,161284,29031,190315,24,Paid,11-01-2023,0,190315,0,Yes,01-01-2023,11-01-2023,No,Yes,Yes,Business,Logistics,On-time,48,1,0,190315,3,4,1,1,10,High-Value Regular,1,3,High-Value Regular,payments@megafreight.in,9890123456,Arun Tiwari,amit.patel@warehub.in,9812345678
TXN-0145,TNT-09,MegaFreight Co.,OWN-03,Amit Patel,WH-09,Mumbai,Maharashtra,Distribution Hub,Large,01-02-2023,Feb-23,Q1-2023,161284,29031,190315,24,Paid,11-02-2023,0,190315,0,Yes,01-02-2023,11-02-2023,No,Yes,Yes,Business,Logistics,On-time,48,1,0,190315,3,4,1,1,10,High-Value Regular,2,3,High-Value Regular,payments@megafreight.in,9890123456,Arun Tiwari,amit.patel@warehub.in,9812345678
TXN-0146,TNT-09,MegaFreight Co.,OWN-03,Amit Patel,WH-09,Mumbai,Maharashtra,Distribution Hub,Large,01-03-2023,Mar-23,Q1-2023,161284,29031,190315,24,Paid,11-03-2023,0,190315,0,Yes,01-03-2023,11-03-2023,No,Yes,Yes,Business,Logistics,On-time,48,1,0,190315,3,4,1,1,10,High-Value Regular,3,3,High-Value Regular,payments@megafreight.in,9890123456,Arun Tiwari,amit.patel@warehub.in,9812345678
TXN-0147,TNT-09,MegaFreight Co.,OWN-03,Amit Patel,WH-09,Mumbai,Maharashtra,Distribution Hub,Large,01-04-2023,Apr-23,Q2-2023,161284,29031,190315,24,Paid,11-04-2023,0,190315,0,Yes,01-04-2023,11-04-2023,No,Yes,Yes,Business,Logistics,On-time,48,1,0,190315,3,4,1,1,10,High-Value Regular,4,3,High-Value Regular,payments@megafreight.in,9890123456,Arun Tiwari,amit.patel@warehub.in,9812345678
TXN-0148,TNT-09,MegaFreight Co.,OWN-03,Amit Patel,WH-09,Mumbai,Maharashtra,Distribution Hub,Large,01-05-2023,May-23,Q2-2023,161284,29031,190315,24,Paid,11-05-2023,0,190315,0,Yes,01-05-2023,11-05-2023,No,Yes,Yes,Business,Logistics,On-time,48,1,0,190315,3,4,1,1,10,High-Value Regular,5,3,High-Value Regular,payments@megafreight.in,9890123456,Arun Tiwari,amit.patel@warehub.in,9812345678
TXN-0149,TNT-09,MegaFreight Co.,OWN-03,Amit Patel,WH-09,Mumbai,Maharashtra,Distribution Hub,Large,01-06-2023,Jun-23,Q2-2023,161284,29031,190315,24,Paid,11-06-2023,0,190315,0,Yes,01-06-2023,11-06-2023,No,Yes,Yes,Business,Logistics,On-time,48,1,0,190315,3,4,1,1,10,High-Value Regular,6,3,High-Value Regular,payments@megafreight.in,9890123456,Arun Tiwari,amit.patel@warehub.in,9812345678
TXN-0150,TNT-09,MegaFreight Co.,OWN-03,Amit Patel,WH-09,Mumbai,Maharashtra,Distribution Hub,Large,01-07-2023,Jul-23,Q3-2023,161284,29031,190315,24,Paid,11-07-2023,0,190315,0,Yes,01-07-2023,11-07-2023,No,Yes,Yes,Business,Logistics,On-time,48,1,0,190315,3,4,1,1,10,High-Value Regular,7,3,High-Value Regular,payments@megafreight.in,9890123456,Arun Tiwari,amit.patel@warehub.in,9812345678
TXN-0151,TNT-09,MegaFreight Co.,OWN-03,Amit Patel,WH-09,Mumbai,Maharashtra,Distribution Hub,Large,01-08-2023,Aug-23,Q3-2023,161284,29031,190315,24,Paid,11-08-2023,0,190315,0,Yes,01-08-2023,11-08-2023,No,Yes,Yes,Business,Logistics,On-time,48,1,0,190315,3,4,1,1,10,High-Value Regular,8,3,High-Value Regular,payments@megafreight.in,9890123456,Arun Tiwari,amit.patel@warehub.in,9812345678
TXN-0152,TNT-09,MegaFreight Co.,OWN-03,Amit Patel,WH-09,Mumbai,Maharashtra,Distribution Hub,Large,01-11-2023,Nov-23,Q4-2023,161284,29031,190315,24,Paid,11-11-2023,0,190315,0,Yes,01-11-2023,11-11-2023,No,Yes,Yes,Business,Logistics,On-time,48,1,0,190315,3,4,1,1,10,High-Value Regular,11,3,High-Value Regular,payments@megafreight.in,9890123456,Arun Tiwari,amit.patel@warehub.in,9812345678
TXN-0153,TNT-09,MegaFreight Co.,OWN-03,Amit Patel,WH-09,Mumbai,Maharashtra,Distribution Hub,Large,01-12-2023,Dec-23,Q4-2023,161284,29031,190315,24,Paid,11-12-2023,0,190315,0,Yes,01-12-2023,11-12-2023,No,Yes,Yes,Business,Logistics,On-time,48,1,0,190315,3,4,1,1,10,High-Value Regular,12,3,High-Value Regular,payments@megafreight.in,9890123456,Arun Tiwari,amit.patel@warehub.in,9812345678
TXN-0154,TNT-09,MegaFreight Co.,OWN-03,Amit Patel,WH-09,Mumbai,Maharashtra,Distribution Hub,Large,01-01-2024,Jan-24,Q1-2024,161284,29031,190315,24,Not Paid,,386,0,190315,Yes,01-01-2024,11-01-2024,Yes,Yes,Yes,Business,Logistics,Defaulted,48,0,0,0,3,4,4,1,80,Defaulter,13,1,Late Payer,payments@megafreight.in,9890123456,Arun Tiwari,amit.patel@warehub.in,9812345678
TXN-0155,TNT-09,MegaFreight Co.,OWN-03,Amit Patel,WH-09,Mumbai,Maharashtra,Distribution Hub,Large,01-02-2024,Feb-24,Q1-2024,161284,29031,190315,24,Paid,11-02-2024,0,190315,0,Yes,01-02-2024,11-02-2024,No,Yes,Yes,Business,Logistics,On-time,48,1,0,190315,3,4,1,1,10,High-Value Regular,14,3,High-Value Regular,payments@megafreight.in,9890123456,Arun Tiwari,amit.patel@warehub.in,9812345678
TXN-0156,TNT-09,MegaFreight Co.,OWN-03,Amit Patel,WH-09,Mumbai,Maharashtra,Distribution Hub,Large,01-03-2024,Mar-24,Q1-2024,161284,29031,190315,24,Paid,11-03-2024,0,190315,0,Yes,01-03-2024,11-03-2024,No,Yes,Yes,Business,Logistics,On-time,48,1,0,190315,3,4,1,1,10,High-Value Regular,15,3,High-Value Regular,payments@megafreight.in,9890123456,Arun Tiwari,amit.patel@warehub.in,9812345678
TXN-0157,TNT-09,MegaFreight Co.,OWN-03,Amit Patel,WH-09,Mumbai,Maharashtra,Distribution Hub,Large,01-04-2024,Apr-24,Q2-2024,161284,29031,190315,24,Paid,11-04-2024,0,190315,0,Yes,01-04-2024,11-04-2024,No,Yes,Yes,Business,Logistics,On-time,48,1,0,190315,3,4,1,1,10,High-Value Regular,16,3,High-Value Regular,payments@megafreight.in,9890123456,Arun Tiwari,amit.patel@warehub.in,9812345678
TXN-0158,TNT-09,MegaFreight Co.,OWN-03,Amit Patel,WH-09,Mumbai,Maharashtra,Distribution Hub,Large,01-06-2024,Jun-24,Q2-2024,161284,29031,190315,24,Paid,11-06-2024,0,190315,0,Yes,01-06-2024,11-06-2024,No,Yes,Yes,Business,Logistics,On-time,48,1,0,190315,3,4,1,1,10,High-Value Regular,18,3,High-Value Regular,payments@megafreight.in,9890123456,Arun Tiwari,amit.patel@warehub.in,9812345678
TXN-0159,TNT-09,MegaFreight Co.,OWN-03,Amit Patel,WH-09,Mumbai,Maharashtra,Distribution Hub,Large,01-07-2024,Jul-24,Q3-2024,161284,29031,190315,24,Paid,11-07-2024,0,190315,0,Yes,01-07-2024,11-07-2024,No,Yes,Yes,Business,Logistics,On-time,48,1,0,190315,3,4,1,1,10,High-Value Regular,19,3,High-Value Regular,payments@megafreight.in,9890123456,Arun Tiwari,amit.patel@warehub.in,9812345678
TXN-0160,TNT-09,MegaFreight Co.,OWN-03,Amit Patel,WH-09,Mumbai,Maharashtra,Distribution Hub,Large,01-08-2024,Aug-24,Q3-2024,161284,29031,190315,24,Paid,11-08-2024,0,190315,0,Yes,01-08-2024,11-08-2024,No,Yes,Yes,Business,Logistics,On-time,48,1,0,190315,3,4,1,1,10,High-Value Regular,20,3,High-Value Regular,payments@megafreight.in,9890123456,Arun Tiwari,amit.patel@warehub.in,9812345678
TXN-0161,TNT-09,MegaFreight Co.,OWN-03,Amit Patel,WH-09,Mumbai,Maharashtra,Distribution Hub,Large,01-09-2024,Sep-24,Q3-2024,161284,29031,190315,24,Paid,11-09-2024,0,190315,0,Yes,01-09-2024,11-09-2024,No,Yes,Yes,Business,Logistics,On-time,48,1,0,190315,3,4,1,1,10,High-Value Regular,21,3,High-Value Regular,payments@megafreight.in,9890123456,Arun Tiwari,amit.patel@warehub.in,9812345678
TXN-0162,TNT-09,MegaFreight Co.,OWN-03,Amit Patel,WH-09,Mumbai,Maharashtra,Distribution Hub,Large,01-11-2024,Nov-24,Q4-2024,161284,29031,190315,24,Paid,11-11-2024,0,190315,0,Yes,01-11-2024,11-11-2024,No,Yes,Yes,Business,Logistics,On-time,48,1,0,190315,3,4,1,1,10,High-Value Regular,23,3,High-Value Regular,payments@megafreight.in,9890123456,Arun Tiwari,amit.patel@warehub.in,9812345678
TXN-0163,TNT-09,MegaFreight Co.,OWN-03,Amit Patel,WH-09,Mumbai,Maharashtra,Distribution Hub,Large,01-12-2024,Dec-24,Q4-2024,161284,29031,190315,24,Paid,11-12-2024,0,190315,0,Yes,01-12-2024,11-12-2024,No,Yes,Yes,Business,Logistics,On-time,48,1,0,190315,3,4,1,1,10,High-Value Regular,24,3,High-Value Regular,payments@megafreight.in,9890123456,Arun Tiwari,amit.patel@warehub.in,9812345678
TXN-0164,TNT-10,KotaChem Ltd,OWN-01,Rajesh Shah,WH-10,Kota,Rajasthan,Cold Storage,Small,01-01-2023,Jan-23,Q1-2023,18803,3384,22187,12,Paid,11-01-2023,0,22187,0,Yes,01-01-2023,11-01-2023,No,Yes,Yes,Business,Chemicals,On-time,14,1,0,22187,1,3,1,1,24.2,Regular Payer,1,2,Regular Payer,accounts@kotachem.in,9801234567,Sanjay Verma,rajesh.shah@warehub.in,9876543210
TXN-0165,TNT-10,KotaChem Ltd,OWN-01,Rajesh Shah,WH-10,Kota,Rajasthan,Cold Storage,Small,01-02-2023,Feb-23,Q1-2023,18803,3384,22187,12,Not Paid,,720,0,22187,Yes,01-02-2023,11-02-2023,Yes,Yes,Yes,Business,Chemicals,Defaulted,14,0,0,0,1,3,4,1,94.2,Defaulter,2,1,Late Payer,accounts@kotachem.in,9801234567,Sanjay Verma,rajesh.shah@warehub.in,9876543210
TXN-0166,TNT-10,KotaChem Ltd,OWN-01,Rajesh Shah,WH-10,Kota,Rajasthan,Cold Storage,Small,01-03-2023,Mar-23,Q1-2023,18803,3384,22187,12,Paid,11-03-2023,0,22187,0,Yes,01-03-2023,11-03-2023,No,Yes,Yes,Business,Chemicals,On-time,14,1,0,22187,1,3,1,1,24.2,Regular Payer,3,2,Regular Payer,accounts@kotachem.in,9801234567,Sanjay Verma,rajesh.shah@warehub.in,9876543210
TXN-0167,TNT-10,KotaChem Ltd,OWN-01,Rajesh Shah,WH-10,Kota,Rajasthan,Cold Storage,Small,01-04-2023,Apr-23,Q2-2023,18803,3384,22187,12,Paid,11-04-2023,0,22187,0,Yes,01-04-2023,11-04-2023,No,Yes,Yes,Business,Chemicals,On-time,14,1,0,22187,1,3,1,1,24.2,Regular Payer,4,2,Regular Payer,accounts@kotachem.in,9801234567,Sanjay Verma,rajesh.shah@warehub.in,9876543210
TXN-0168,TNT-10,KotaChem Ltd,OWN-01,Rajesh Shah,WH-10,Kota,Rajasthan,Cold Storage,Small,01-05-2023,May-23,Q2-2023,18803,3384,22187,12,Paid,11-05-2023,0,22187,0,Yes,01-05-2023,11-05-2023,No,Yes,Yes,Business,Chemicals,On-time,14,1,0,22187,1,3,1,1,24.2,Regular Payer,5,2,Regular Payer,accounts@kotachem.in,9801234567,Sanjay Verma,rajesh.shah@warehub.in,9876543210
TXN-0169,TNT-10,KotaChem Ltd,OWN-01,Rajesh Shah,WH-10,Kota,Rajasthan,Cold Storage,Small,01-07-2023,Jul-23,Q3-2023,18803,3384,22187,12,Paid,11-07-2023,0,22187,0,Yes,01-07-2023,11-07-2023,No,Yes,Yes,Business,Chemicals,On-time,14,1,0,22187,1,3,1,1,24.2,Regular Payer,7,2,Regular Payer,accounts@kotachem.in,9801234567,Sanjay Verma,rajesh.shah@warehub.in,9876543210
TXN-0170,TNT-10,KotaChem Ltd,OWN-01,Rajesh Shah,WH-10,Kota,Rajasthan,Cold Storage,Small,01-10-2023,Oct-23,Q4-2023,18803,3384,22187,12,Paid,11-10-2023,0,22187,0,Yes,01-10-2023,11-10-2023,No,Yes,Yes,Business,Chemicals,On-time,14,1,0,22187,1,3,1,1,24.2,Regular Payer,10,2,Regular Payer,accounts@kotachem.in,9801234567,Sanjay Verma,rajesh.shah@warehub.in,9876543210
TXN-0171,TNT-10,KotaChem Ltd,OWN-01,Rajesh Shah,WH-10,Kota,Rajasthan,Cold Storage,Small,01-11-2023,Nov-23,Q4-2023,18803,3384,22187,12,Paid,11-11-2023,0,22187,0,Yes,01-11-2023,11-11-2023,No,Yes,Yes,Business,Chemicals,On-time,14,1,0,22187,1,3,1,1,24.2,Regular Payer,11,2,Regular Payer,accounts@kotachem.in,9801234567,Sanjay Verma,rajesh.shah@warehub.in,9876543210
TXN-0172,TNT-10,KotaChem Ltd,OWN-01,Rajesh Shah,WH-10,Kota,Rajasthan,Cold Storage,Small,01-12-2023,Dec-23,Q4-2023,18803,3384,22187,12,Paid,11-12-2023,0,22187,0,Yes,01-12-2023,11-12-2023,No,Yes,Yes,Business,Chemicals,On-time,14,1,0,22187,1,3,1,1,24.2,Regular Payer,12,2,Regular Payer,accounts@kotachem.in,9801234567,Sanjay Verma,rajesh.shah@warehub.in,9876543210
TXN-0173,TNT-10,KotaChem Ltd,OWN-01,Rajesh Shah,WH-10,Kota,Rajasthan,Cold Storage,Small,01-01-2024,Jan-24,Q1-2024,18803,3384,22187,12,Paid,11-01-2024,0,22187,0,Yes,01-01-2024,11-01-2024,No,Yes,Yes,Business,Chemicals,On-time,14,1,0,22187,1,3,1,1,24.2,Regular Payer,13,2,Regular Payer,accounts@kotachem.in,9801234567,Sanjay Verma,rajesh.shah@warehub.in,9876543210
TXN-0174,TNT-10,KotaChem Ltd,OWN-01,Rajesh Shah,WH-10,Kota,Rajasthan,Cold Storage,Small,01-02-2024,Feb-24,Q1-2024,18803,3384,22187,12,Paid,11-02-2024,0,22187,0,Yes,01-02-2024,11-02-2024,No,Yes,Yes,Business,Chemicals,On-time,14,1,0,22187,1,3,1,1,24.2,Regular Payer,14,2,Regular Payer,accounts@kotachem.in,9801234567,Sanjay Verma,rajesh.shah@warehub.in,9876543210
TXN-0175,TNT-10,KotaChem Ltd,OWN-01,Rajesh Shah,WH-10,Kota,Rajasthan,Cold Storage,Small,01-03-2024,Mar-24,Q1-2024,18803,3384,22187,12,Paid,11-03-2024,0,22187,0,Yes,01-03-2024,11-03-2024,No,Yes,Yes,Business,Chemicals,On-time,14,1,0,22187,1,3,1,1,24.2,Regular Payer,15,2,Regular Payer,accounts@kotachem.in,9801234567,Sanjay Verma,rajesh.shah@warehub.in,9876543210
TXN-0176,TNT-10,KotaChem Ltd,OWN-01,Rajesh Shah,WH-10,Kota,Rajasthan,Cold Storage,Small,01-04-2024,Apr-24,Q2-2024,18803,3384,22187,12,Paid,11-04-2024,0,22187,0,Yes,01-04-2024,11-04-2024,No,Yes,Yes,Business,Chemicals,On-time,14,1,0,22187,1,3,1,1,24.2,Regular Payer,16,2,Regular Payer,accounts@kotachem.in,9801234567,Sanjay Verma,rajesh.shah@warehub.in,9876543210
TXN-0177,TNT-10,KotaChem Ltd,OWN-01,Rajesh Shah,WH-10,Kota,Rajasthan,Cold Storage,Small,01-05-2024,May-24,Q2-2024,18803,3384,22187,12,Paid,11-05-2024,0,22187,0,Yes,01-05-2024,11-05-2024,No,Yes,Yes,Business,Chemicals,On-time,14,1,0,22187,1,3,1,1,24.2,Regular Payer,17,2,Regular Payer,accounts@kotachem.in,9801234567,Sanjay Verma,rajesh.shah@warehub.in,9876543210
TXN-0178,TNT-10,KotaChem Ltd,OWN-01,Rajesh Shah,WH-10,Kota,Rajasthan,Cold Storage,Small,01-07-2024,Jul-24,Q3-2024,18803,3384,22187,12,Paid,11-07-2024,0,22187,0,Yes,01-07-2024,11-07-2024,No,Yes,Yes,Business,Chemicals,On-time,14,1,0,22187,1,3,1,1,24.2,Regular Payer,19,2,Regular Payer,accounts@kotachem.in,9801234567,Sanjay Verma,rajesh.shah@warehub.in,9876543210
TXN-0179,TNT-10,KotaChem Ltd,OWN-01,Rajesh Shah,WH-10,Kota,Rajasthan,Cold Storage,Small,01-08-2024,Aug-24,Q3-2024,18803,3384,22187,12,Paid,11-08-2024,0,22187,0,Yes,01-08-2024,11-08-2024,No,Yes,Yes,Business,Chemicals,On-time,14,1,0,22187,1,3,1,1,24.2,Regular Payer,20,2,Regular Payer,accounts@kotachem.in,9801234567,Sanjay Verma,rajesh.shah@warehub.in,9876543210
TXN-0180,TNT-10,KotaChem Ltd,OWN-01,Rajesh Shah,WH-10,Kota,Rajasthan,Cold Storage,Small,01-09-2024,Sep-24,Q3-2024,18803,3384,22187,12,Paid,11-09-2024,0,22187,0,Yes,01-09-2024,11-09-2024,No,Yes,Yes,Business,Chemicals,On-time,14,1,0,22187,1,3,1,1,24.2,Regular Payer,21,2,Regular Payer,accounts@kotachem.in,9801234567,Sanjay Verma,rajesh.shah@warehub.in,9876543210
TXN-0181,TNT-10,KotaChem Ltd,OWN-01,Rajesh Shah,WH-10,Kota,Rajasthan,Cold Storage,Small,01-11-2024,Nov-24,Q4-2024,18803,3384,22187,12,Paid,11-11-2024,0,22187,0,Yes,01-11-2024,11-11-2024,No,Yes,Yes,Business,Chemicals,On-time,14,1,0,22187,1,3,1,1,24.2,Regular Payer,23,2,Regular Payer,accounts@kotachem.in,9801234567,Sanjay Verma,rajesh.shah@warehub.in,9876543210
TXN-0182,TNT-11,Ramesh Agarwal,OWN-04,Sunita Gupta,WH-11,Vadodara,Gujarat,General,Medium,01-03-2023,Mar-23,Q1-2023,20978,3776,24754,6,Paid,25-03-2023,14,24754,0,Yes,01-03-2023,11-03-2023,Yes,Yes,Yes,Individual,Personal,Delayed,8,1,1,24754,2,1,3,0,52.9,Late Payer,3,2,Regular Payer,ramesh.agarwal1975@gmail.com,9821345678,Ramesh Agarwal,sunita.gupta@warehub.in,9898765432
TXN-0183,TNT-11,Ramesh Agarwal,OWN-04,Sunita Gupta,WH-11,Vadodara,Gujarat,General,Medium,01-04-2023,Apr-23,Q2-2023,20978,3776,24754,6,Paid,06-05-2023,25,24754,0,Yes,01-04-2023,11-04-2023,Yes,Yes,Yes,Individual,Personal,Delayed,8,1,1,24754,2,1,3,0,57.8,Late Payer,4,2,Regular Payer,ramesh.agarwal1975@gmail.com,9821345678,Ramesh Agarwal,sunita.gupta@warehub.in,9898765432
TXN-0184,TNT-11,Ramesh Agarwal,OWN-04,Sunita Gupta,WH-11,Vadodara,Gujarat,General,Medium,01-07-2023,Jul-23,Q3-2023,20978,3776,24754,6,Paid,18-07-2023,7,24754,0,Yes,01-07-2023,11-07-2023,No,Yes,Yes,Individual,Personal,Slightly Delayed,8,1,1,24754,2,1,2,0,39.8,Late Payer,7,2,Regular Payer,ramesh.agarwal1975@gmail.com,9821345678,Ramesh Agarwal,sunita.gupta@warehub.in,9898765432
TXN-0185,TNT-11,Ramesh Agarwal,OWN-04,Sunita Gupta,WH-11,Vadodara,Gujarat,General,Medium,01-08-2023,Aug-23,Q3-2023,20978,3776,24754,6,Not Paid,,539,0,24754,Yes,01-08-2023,11-08-2023,Yes,Yes,Yes,Individual,Personal,Defaulted,8,0,0,0,2,1,4,0,96.7,Defaulter,8,1,Late Payer,ramesh.agarwal1975@gmail.com,9821345678,Ramesh Agarwal,sunita.gupta@warehub.in,9898765432
TXN-0186,TNT-11,Ramesh Agarwal,OWN-04,Sunita Gupta,WH-11,Vadodara,Gujarat,General,Medium,01-09-2023,Sep-23,Q3-2023,20978,3776,24754,6,Paid,25-09-2023,14,24754,0,Yes,01-09-2023,11-09-2023,Yes,Yes,Yes,Individual,Personal,Delayed,8,1,1,24754,2,1,3,0,52.9,Late Payer,9,2,Regular Payer,ramesh.agarwal1975@gmail.com,9821345678,Ramesh Agarwal,sunita.gupta@warehub.in,9898765432
TXN-0187,TNT-11,Ramesh Agarwal,OWN-04,Sunita Gupta,WH-11,Vadodara,Gujarat,General,Medium,01-10-2023,Oct-23,Q4-2023,20978,3776,24754,6,Paid,22-10-2023,11,24754,0,Yes,01-10-2023,11-10-2023,Yes,Yes,Yes,Individual,Personal,Delayed,8,1,1,24754,2,1,3,0,51.6,Late Payer,10,2,Regular Payer,ramesh.agarwal1975@gmail.com,9821345678,Ramesh Agarwal,sunita.gupta@warehub.in,9898765432
TXN-0188,TNT-11,Ramesh Agarwal,OWN-04,Sunita Gupta,WH-11,Vadodara,Gujarat,General,Medium,01-11-2023,Nov-23,Q4-2023,20978,3776,24754,6,Paid,17-11-2023,6,24754,0,Yes,01-11-2023,11-11-2023,No,Yes,Yes,Individual,Personal,Slightly Delayed,8,1,1,24754,2,1,2,0,39.3,Late Payer,11,2,Regular Payer,ramesh.agarwal1975@gmail.com,9821345678,Ramesh Agarwal,sunita.gupta@warehub.in,9898765432
TXN-0189,TNT-11,Ramesh Agarwal,OWN-04,Sunita Gupta,WH-11,Vadodara,Gujarat,General,Medium,01-02-2024,Feb-24,Q1-2024,20978,3776,24754,6,Paid,02-03-2024,20,24754,0,Yes,01-02-2024,11-02-2024,Yes,Yes,Yes,Individual,Personal,Delayed,8,1,1,24754,2,1,3,0,55.6,Late Payer,14,2,Regular Payer,ramesh.agarwal1975@gmail.com,9821345678,Ramesh Agarwal,sunita.gupta@warehub.in,9898765432
TXN-0190,TNT-11,Ramesh Agarwal,OWN-04,Sunita Gupta,WH-11,Vadodara,Gujarat,General,Medium,01-03-2024,Mar-24,Q1-2024,20978,3776,24754,6,Paid,18-03-2024,7,24754,0,Yes,01-03-2024,11-03-2024,No,Yes,Yes,Individual,Personal,Slightly Delayed,8,1,1,24754,2,1,2,0,39.8,Late Payer,15,2,Regular Payer,ramesh.agarwal1975@gmail.com,9821345678,Ramesh Agarwal,sunita.gupta@warehub.in,9898765432
TXN-0191,TNT-11,Ramesh Agarwal,OWN-04,Sunita Gupta,WH-11,Vadodara,Gujarat,General,Medium,01-05-2024,May-24,Q2-2024,20978,3776,24754,6,Paid,05-06-2024,25,24754,0,Yes,01-05-2024,11-05-2024,Yes,Yes,Yes,Individual,Personal,Delayed,8,1,1,24754,2,1,3,0,57.8,Late Payer,17,2,Regular Payer,ramesh.agarwal1975@gmail.com,9821345678,Ramesh Agarwal,sunita.gupta@warehub.in,9898765432
TXN-0192,TNT-11,Ramesh Agarwal,OWN-04,Sunita Gupta,WH-11,Vadodara,Gujarat,General,Medium,01-06-2024,Jun-24,Q2-2024,20978,3776,24754,6,Paid,28-06-2024,17,24754,0,Yes,01-06-2024,11-06-2024,Yes,Yes,Yes,Individual,Personal,Delayed,8,1,1,24754,2,1,3,0,54.2,Late Payer,18,2,Regular Payer,ramesh.agarwal1975@gmail.com,9821345678,Ramesh Agarwal,sunita.gupta@warehub.in,9898765432
TXN-0193,TNT-11,Ramesh Agarwal,OWN-04,Sunita Gupta,WH-11,Vadodara,Gujarat,General,Medium,01-07-2024,Jul-24,Q3-2024,20978,3776,24754,6,Paid,23-07-2024,12,24754,0,Yes,01-07-2024,11-07-2024,Yes,Yes,Yes,Individual,Personal,Delayed,8,1,1,24754,2,1,3,0,52,Late Payer,19,2,Regular Payer,ramesh.agarwal1975@gmail.com,9821345678,Ramesh Agarwal,sunita.gupta@warehub.in,9898765432
TXN-0194,TNT-11,Ramesh Agarwal,OWN-04,Sunita Gupta,WH-11,Vadodara,Gujarat,General,Medium,01-08-2024,Aug-24,Q3-2024,20978,3776,24754,6,Paid,16-08-2024,5,24754,0,Yes,01-08-2024,11-08-2024,No,Yes,Yes,Individual,Personal,Slightly Delayed,8,1,1,24754,2,1,2,0,38.9,Late Payer,20,2,Regular Payer,ramesh.agarwal1975@gmail.com,9821345678,Ramesh Agarwal,sunita.gupta@warehub.in,9898765432
TXN-0195,TNT-11,Ramesh Agarwal,OWN-04,Sunita Gupta,WH-11,Vadodara,Gujarat,General,Medium,01-12-2024,Dec-24,Q4-2024,20978,3776,24754,6,Not Paid,,51,0,24754,Yes,01-12-2024,11-12-2024,Yes,Yes,Yes,Individual,Personal,Defaulted,8,0,0,0,2,1,4,0,79.3,Defaulter,24,1,Late Payer,ramesh.agarwal1975@gmail.com,9821345678,Ramesh Agarwal,sunita.gupta@warehub.in,9898765432
TXN-0196,TNT-12,Sunil Verma Stores,OWN-02,Meena Joshi,WH-12,Jodhpur,Rajasthan,Dry Warehouse,Large,01-02-2023,Feb-23,Q1-2023,53980,9716,63696,12,Not Paid,,720,0,63696,Yes,01-02-2023,11-02-2023,Yes,Yes,Yes,Business,Retail,Defaulted,15,0,0,0,3,2,4,1,93.8,Defaulter,2,1,Late Payer,sunil@sunilverma.store,9832456789,Sunil Verma,meena.joshi@warehub.in,9823456789
TXN-0197,TNT-12,Sunil Verma Stores,OWN-02,Meena Joshi,WH-12,Jodhpur,Rajasthan,Dry Warehouse,Large,01-03-2023,Mar-23,Q1-2023,53980,9716,63696,12,Not Paid,,692,0,63696,Yes,01-03-2023,11-03-2023,Yes,Yes,Yes,Business,Retail,Defaulted,15,0,0,0,3,2,4,1,93.8,Defaulter,3,1,Late Payer,sunil@sunilverma.store,9832456789,Sunil Verma,meena.joshi@warehub.in,9823456789
TXN-0198,TNT-12,Sunil Verma Stores,OWN-02,Meena Joshi,WH-12,Jodhpur,Rajasthan,Dry Warehouse,Large,01-04-2023,Apr-23,Q2-2023,53980,9716,63696,12,Paid,11-04-2023,0,63696,0,Yes,01-04-2023,11-04-2023,No,Yes,Yes,Business,Retail,On-time,15,1,0,63696,3,2,1,1,23.8,High-Value Regular,4,2,Regular Payer,sunil@sunilverma.store,9832456789,Sunil Verma,meena.joshi@warehub.in,9823456789
TXN-0199,TNT-12,Sunil Verma Stores,OWN-02,Meena Joshi,WH-12,Jodhpur,Rajasthan,Dry Warehouse,Large,01-06-2023,Jun-23,Q2-2023,53980,9716,63696,12,Paid,11-06-2023,0,63696,0,Yes,01-06-2023,11-06-2023,No,Yes,Yes,Business,Retail,On-time,15,1,0,63696,3,2,1,1,23.8,High-Value Regular,6,2,Regular Payer,sunil@sunilverma.store,9832456789,Sunil Verma,meena.joshi@warehub.in,9823456789
TXN-0200,TNT-12,Sunil Verma Stores,OWN-02,Meena Joshi,WH-12,Jodhpur,Rajasthan,Dry Warehouse,Large,01-08-2023,Aug-23,Q3-2023,53980,9716,63696,12,Paid,11-08-2023,0,63696,0,Yes,01-08-2023,11-08-2023,No,Yes,Yes,Business,Retail,On-time,15,1,0,63696,3,2,1,1,23.8,High-Value Regular,8,2,Regular Payer,sunil@sunilverma.store,9832456789,Sunil Verma,meena.joshi@warehub.in,9823456789
TXN-0201,TNT-12,Sunil Verma Stores,OWN-02,Meena Joshi,WH-12,Jodhpur,Rajasthan,Dry Warehouse,Large,01-09-2023,Sep-23,Q3-2023,53980,9716,63696,12,Paid,11-09-2023,0,63696,0,Yes,01-09-2023,11-09-2023,No,Yes,Yes,Business,Retail,On-time,15,1,0,63696,3,2,1,1,23.8,High-Value Regular,9,2,Regular Payer,sunil@sunilverma.store,9832456789,Sunil Verma,meena.joshi@warehub.in,9823456789
TXN-0202,TNT-12,Sunil Verma Stores,OWN-02,Meena Joshi,WH-12,Jodhpur,Rajasthan,Dry Warehouse,Large,01-11-2023,Nov-23,Q4-2023,53980,9716,63696,12,Paid,11-11-2023,0,63696,0,Yes,01-11-2023,11-11-2023,No,Yes,Yes,Business,Retail,On-time,15,1,0,63696,3,2,1,1,23.8,High-Value Regular,11,2,Regular Payer,sunil@sunilverma.store,9832456789,Sunil Verma,meena.joshi@warehub.in,9823456789
TXN-0203,TNT-12,Sunil Verma Stores,OWN-02,Meena Joshi,WH-12,Jodhpur,Rajasthan,Dry Warehouse,Large,01-01-2024,Jan-24,Q1-2024,53980,9716,63696,12,Paid,11-01-2024,0,63696,0,Yes,01-01-2024,11-01-2024,No,Yes,Yes,Business,Retail,On-time,15,1,0,63696,3,2,1,1,23.8,High-Value Regular,13,2,Regular Payer,sunil@sunilverma.store,9832456789,Sunil Verma,meena.joshi@warehub.in,9823456789
TXN-0204,TNT-12,Sunil Verma Stores,OWN-02,Meena Joshi,WH-12,Jodhpur,Rajasthan,Dry Warehouse,Large,01-02-2024,Feb-24,Q1-2024,53980,9716,63696,12,Paid,11-02-2024,0,63696,0,Yes,01-02-2024,11-02-2024,No,Yes,Yes,Business,Retail,On-time,15,1,0,63696,3,2,1,1,23.8,High-Value Regular,14,2,Regular Payer,sunil@sunilverma.store,9832456789,Sunil Verma,meena.joshi@warehub.in,9823456789
TXN-0205,TNT-12,Sunil Verma Stores,OWN-02,Meena Joshi,WH-12,Jodhpur,Rajasthan,Dry Warehouse,Large,01-03-2024,Mar-24,Q1-2024,53980,9716,63696,12,Paid,11-03-2024,0,63696,0,Yes,01-03-2024,11-03-2024,No,Yes,Yes,Business,Retail,On-time,15,1,0,63696,3,2,1,1,23.8,High-Value Regular,15,2,Regular Payer,sunil@sunilverma.store,9832456789,Sunil Verma,meena.joshi@warehub.in,9823456789
TXN-0206,TNT-12,Sunil Verma Stores,OWN-02,Meena Joshi,WH-12,Jodhpur,Rajasthan,Dry Warehouse,Large,01-05-2024,May-24,Q2-2024,53980,9716,63696,12,Paid,11-05-2024,0,63696,0,Yes,01-05-2024,11-05-2024,No,Yes,Yes,Business,Retail,On-time,15,1,0,63696,3,2,1,1,23.8,High-Value Regular,17,2,Regular Payer,sunil@sunilverma.store,9832456789,Sunil Verma,meena.joshi@warehub.in,9823456789
TXN-0207,TNT-12,Sunil Verma Stores,OWN-02,Meena Joshi,WH-12,Jodhpur,Rajasthan,Dry Warehouse,Large,01-06-2024,Jun-24,Q2-2024,53980,9716,63696,12,Paid,11-06-2024,0,63696,0,Yes,01-06-2024,11-06-2024,No,Yes,Yes,Business,Retail,On-time,15,1,0,63696,3,2,1,1,23.8,High-Value Regular,18,2,Regular Payer,sunil@sunilverma.store,9832456789,Sunil Verma,meena.joshi@warehub.in,9823456789
TXN-0208,TNT-12,Sunil Verma Stores,OWN-02,Meena Joshi,WH-12,Jodhpur,Rajasthan,Dry Warehouse,Large,01-08-2024,Aug-24,Q3-2024,53980,9716,63696,12,Paid,11-08-2024,0,63696,0,Yes,01-08-2024,11-08-2024,No,Yes,Yes,Business,Retail,On-time,15,1,0,63696,3,2,1,1,23.8,High-Value Regular,20,2,Regular Payer,sunil@sunilverma.store,9832456789,Sunil Verma,meena.joshi@warehub.in,9823456789
TXN-0209,TNT-12,Sunil Verma Stores,OWN-02,Meena Joshi,WH-12,Jodhpur,Rajasthan,Dry Warehouse,Large,01-09-2024,Sep-24,Q3-2024,53980,9716,63696,12,Paid,11-09-2024,0,63696,0,Yes,01-09-2024,11-09-2024,No,Yes,Yes,Business,Retail,On-time,15,1,0,63696,3,2,1,1,23.8,High-Value Regular,21,2,Regular Payer,sunil@sunilverma.store,9832456789,Sunil Verma,meena.joshi@warehub.in,9823456789
TXN-0210,TNT-12,Sunil Verma Stores,OWN-02,Meena Joshi,WH-12,Jodhpur,Rajasthan,Dry Warehouse,Large,01-11-2024,Nov-24,Q4-2024,53980,9716,63696,12,Paid,11-11-2024,0,63696,0,Yes,01-11-2024,11-11-2024,No,Yes,Yes,Business,Retail,On-time,15,1,0,63696,3,2,1,1,23.8,High-Value Regular,23,2,Regular Payer,sunil@sunilverma.store,9832456789,Sunil Verma,meena.joshi@warehub.in,9823456789
TXN-0211,TNT-13,Priya Fashions,OWN-04,Sunita Gupta,WH-04,Surat,Gujarat,Dry Warehouse,Medium,01-01-2023,Jan-23,Q1-2023,28558,5140,33698,6,Paid,22-01-2023,11,33698,0,Yes,01-01-2023,11-01-2023,Yes,Yes,Yes,Business,Textile,Delayed,10,1,1,33698,2,2,3,1,50.7,Late Payer,1,2,Regular Payer,info@priyafashions.com,9843567890,Priya Mehta,sunita.gupta@warehub.in,9898765432
TXN-0212,TNT-13,Priya Fashions,OWN-04,Sunita Gupta,WH-04,Surat,Gujarat,Dry Warehouse,Medium,01-02-2023,Feb-23,Q1-2023,28558,5140,33698,6,Not Paid,,720,0,33698,Yes,01-02-2023,11-02-2023,Yes,Yes,Yes,Business,Textile,Defaulted,10,0,0,0,2,2,4,1,95.8,Defaulter,2,1,Late Payer,info@priyafashions.com,9843567890,Priya Mehta,sunita.gupta@warehub.in,9898765432
TXN-0213,TNT-13,Priya Fashions,OWN-04,Sunita Gupta,WH-04,Surat,Gujarat,Dry Warehouse,Medium,01-03-2023,Mar-23,Q1-2023,28558,5140,33698,6,Not Paid,,692,0,33698,Yes,01-03-2023,11-03-2023,Yes,Yes,Yes,Business,Textile,Defaulted,10,0,0,0,2,2,4,1,95.8,Defaulter,3,1,Late Payer,info@priyafashions.com,9843567890,Priya Mehta,sunita.gupta@warehub.in,9898765432
TXN-0214,TNT-13,Priya Fashions,OWN-04,Sunita Gupta,WH-04,Surat,Gujarat,Dry Warehouse,Medium,01-04-2023,Apr-23,Q2-2023,28558,5140,33698,6,Not Paid,,661,0,33698,Yes,01-04-2023,11-04-2023,Yes,Yes,Yes,Business,Textile,Defaulted,10,0,0,0,2,2,4,1,95.8,Defaulter,4,1,Late Payer,info@priyafashions.com,9843567890,Priya Mehta,sunita.gupta@warehub.in,9898765432
TXN-0215,TNT-13,Priya Fashions,OWN-04,Sunita Gupta,WH-04,Surat,Gujarat,Dry Warehouse,Medium,01-05-2023,May-23,Q2-2023,28558,5140,33698,6,Not Paid,,631,0,33698,Yes,01-05-2023,11-05-2023,Yes,Yes,Yes,Business,Textile,Defaulted,10,0,0,0,2,2,4,1,95.8,Defaulter,5,1,Late Payer,info@priyafashions.com,9843567890,Priya Mehta,sunita.gupta@warehub.in,9898765432
TXN-0216,TNT-13,Priya Fashions,OWN-04,Sunita Gupta,WH-04,Surat,Gujarat,Dry Warehouse,Medium,01-06-2023,Jun-23,Q2-2023,28558,5140,33698,6,Paid,01-07-2023,20,33698,0,Yes,01-06-2023,11-06-2023,Yes,Yes,Yes,Business,Textile,Delayed,10,1,1,33698,2,2,3,1,54.7,Late Payer,6,2,Regular Payer,info@priyafashions.com,9843567890,Priya Mehta,sunita.gupta@warehub.in,9898765432
TXN-0217,TNT-13,Priya Fashions,OWN-04,Sunita Gupta,WH-04,Surat,Gujarat,Dry Warehouse,Medium,01-07-2023,Jul-23,Q3-2023,28558,5140,33698,6,Paid,27-07-2023,16,33698,0,Yes,01-07-2023,11-07-2023,Yes,Yes,Yes,Business,Textile,Delayed,10,1,1,33698,2,2,3,1,52.9,Late Payer,7,2,Regular Payer,info@priyafashions.com,9843567890,Priya Mehta,sunita.gupta@warehub.in,9898765432
TXN-0218,TNT-13,Priya Fashions,OWN-04,Sunita Gupta,WH-04,Surat,Gujarat,Dry Warehouse,Medium,01-08-2023,Aug-23,Q3-2023,28558,5140,33698,6,Paid,28-08-2023,17,33698,0,Yes,01-08-2023,11-08-2023,Yes,Yes,Yes,Business,Textile,Delayed,10,1,1,33698,2,2,3,1,53.4,Late Payer,8,2,Regular Payer,info@priyafashions.com,9843567890,Priya Mehta,sunita.gupta@warehub.in,9898765432
TXN-0219,TNT-13,Priya Fashions,OWN-04,Sunita Gupta,WH-04,Surat,Gujarat,Dry Warehouse,Medium,01-09-2023,Sep-23,Q3-2023,28558,5140,33698,6,Not Paid,,508,0,33698,Yes,01-09-2023,11-09-2023,Yes,Yes,Yes,Business,Textile,Defaulted,10,0,0,0,2,2,4,1,95.8,Defaulter,9,1,Late Payer,info@priyafashions.com,9843567890,Priya Mehta,sunita.gupta@warehub.in,9898765432
TXN-0220,TNT-13,Priya Fashions,OWN-04,Sunita Gupta,WH-04,Surat,Gujarat,Dry Warehouse,Medium,01-10-2023,Oct-23,Q4-2023,28558,5140,33698,6,Paid,02-11-2023,22,33698,0,Yes,01-10-2023,11-10-2023,Yes,Yes,Yes,Business,Textile,Delayed,10,1,1,33698,2,2,3,1,55.6,Late Payer,10,2,Regular Payer,info@priyafashions.com,9843567890,Priya Mehta,sunita.gupta@warehub.in,9898765432
TXN-0221,TNT-13,Priya Fashions,OWN-04,Sunita Gupta,WH-04,Surat,Gujarat,Dry Warehouse,Medium,01-11-2023,Nov-23,Q4-2023,28558,5140,33698,6,Not Paid,,447,0,33698,Yes,01-11-2023,11-11-2023,Yes,Yes,Yes,Business,Textile,Defaulted,10,0,0,0,2,2,4,1,95.8,Defaulter,11,1,Late Payer,info@priyafashions.com,9843567890,Priya Mehta,sunita.gupta@warehub.in,9898765432
TXN-0222,TNT-13,Priya Fashions,OWN-04,Sunita Gupta,WH-04,Surat,Gujarat,Dry Warehouse,Medium,01-12-2023,Dec-23,Q4-2023,28558,5140,33698,6,Paid,24-12-2023,13,33698,0,Yes,01-12-2023,11-12-2023,Yes,Yes,Yes,Business,Textile,Delayed,10,1,1,33698,2,2,3,1,51.6,Late Payer,12,2,Regular Payer,info@priyafashions.com,9843567890,Priya Mehta,sunita.gupta@warehub.in,9898765432
TXN-0223,TNT-13,Priya Fashions,OWN-04,Sunita Gupta,WH-04,Surat,Gujarat,Dry Warehouse,Medium,01-01-2024,Jan-24,Q1-2024,28558,5140,33698,6,Paid,16-01-2024,5,33698,0,Yes,01-01-2024,11-01-2024,No,Yes,Yes,Business,Textile,Slightly Delayed,10,1,1,33698,2,2,2,1,38.1,Late Payer,13,2,Regular Payer,info@priyafashions.com,9843567890,Priya Mehta,sunita.gupta@warehub.in,9898765432
TXN-0224,TNT-13,Priya Fashions,OWN-04,Sunita Gupta,WH-04,Surat,Gujarat,Dry Warehouse,Medium,01-02-2024,Feb-24,Q1-2024,28558,5140,33698,6,Paid,28-02-2024,17,33698,0,Yes,01-02-2024,11-02-2024,Yes,Yes,Yes,Business,Textile,Delayed,10,1,1,33698,2,2,3,1,53.4,Late Payer,14,2,Regular Payer,info@priyafashions.com,9843567890,Priya Mehta,sunita.gupta@warehub.in,9898765432
TXN-0225,TNT-13,Priya Fashions,OWN-04,Sunita Gupta,WH-04,Surat,Gujarat,Dry Warehouse,Medium,01-03-2024,Mar-24,Q1-2024,28558,5140,33698,6,Paid,30-03-2024,19,33698,0,Yes,01-03-2024,11-03-2024,Yes,Yes,Yes,Business,Textile,Delayed,10,1,1,33698,2,2,3,1,54.3,Late Payer,15,2,Regular Payer,info@priyafashions.com,9843567890,Priya Mehta,sunita.gupta@warehub.in,9898765432
TXN-0226,TNT-13,Priya Fashions,OWN-04,Sunita Gupta,WH-04,Surat,Gujarat,Dry Warehouse,Medium,01-04-2024,Apr-24,Q2-2024,28558,5140,33698,6,Not Paid,,295,0,33698,Yes,01-04-2024,11-04-2024,Yes,Yes,Yes,Business,Textile,Defaulted,10,0,0,0,2,2,4,1,95.8,Defaulter,16,1,Late Payer,info@priyafashions.com,9843567890,Priya Mehta,sunita.gupta@warehub.in,9898765432
TXN-0227,TNT-13,Priya Fashions,OWN-04,Sunita Gupta,WH-04,Surat,Gujarat,Dry Warehouse,Medium,01-05-2024,May-24,Q2-2024,28558,5140,33698,6,Paid,28-05-2024,17,33698,0,Yes,01-05-2024,11-05-2024,Yes,Yes,Yes,Business,Textile,Delayed,10,1,1,33698,2,2,3,1,53.4,Late Payer,17,2,Regular Payer,info@priyafashions.com,9843567890,Priya Mehta,sunita.gupta@warehub.in,9898765432
TXN-0228,TNT-13,Priya Fashions,OWN-04,Sunita Gupta,WH-04,Surat,Gujarat,Dry Warehouse,Medium,01-06-2024,Jun-24,Q2-2024,28558,5140,33698,6,Paid,16-06-2024,5,33698,0,Yes,01-06-2024,11-06-2024,No,Yes,Yes,Business,Textile,Slightly Delayed,10,1,1,33698,2,2,2,1,38.1,Late Payer,18,2,Regular Payer,info@priyafashions.com,9843567890,Priya Mehta,sunita.gupta@warehub.in,9898765432
TXN-0229,TNT-13,Priya Fashions,OWN-04,Sunita Gupta,WH-04,Surat,Gujarat,Dry Warehouse,Medium,01-07-2024,Jul-24,Q3-2024,28558,5140,33698,6,Paid,29-07-2024,18,33698,0,Yes,01-07-2024,11-07-2024,Yes,Yes,Yes,Business,Textile,Delayed,10,1,1,33698,2,2,3,1,53.8,Late Payer,19,2,Regular Payer,info@priyafashions.com,9843567890,Priya Mehta,sunita.gupta@warehub.in,9898765432
TXN-0230,TNT-13,Priya Fashions,OWN-04,Sunita Gupta,WH-04,Surat,Gujarat,Dry Warehouse,Medium,01-08-2024,Aug-24,Q3-2024,28558,5140,33698,6,Paid,30-08-2024,19,33698,0,Yes,01-08-2024,11-08-2024,Yes,Yes,Yes,Business,Textile,Delayed,10,1,1,33698,2,2,3,1,54.3,Late Payer,20,2,Regular Payer,info@priyafashions.com,9843567890,Priya Mehta,sunita.gupta@warehub.in,9898765432
TXN-0231,TNT-13,Priya Fashions,OWN-04,Sunita Gupta,WH-04,Surat,Gujarat,Dry Warehouse,Medium,01-09-2024,Sep-24,Q3-2024,28558,5140,33698,6,Paid,24-09-2024,13,33698,0,Yes,01-09-2024,11-09-2024,Yes,Yes,Yes,Business,Textile,Delayed,10,1,1,33698,2,2,3,1,51.6,Late Payer,21,2,Regular Payer,info@priyafashions.com,9843567890,Priya Mehta,sunita.gupta@warehub.in,9898765432
TXN-0232,TNT-13,Priya Fashions,OWN-04,Sunita Gupta,WH-04,Surat,Gujarat,Dry Warehouse,Medium,01-10-2024,Oct-24,Q4-2024,28558,5140,33698,6,Paid,22-10-2024,11,33698,0,Yes,01-10-2024,11-10-2024,Yes,Yes,Yes,Business,Textile,Delayed,10,1,1,33698,2,2,3,1,50.7,Late Payer,22,2,Regular Payer,info@priyafashions.com,9843567890,Priya Mehta,sunita.gupta@warehub.in,9898765432
TXN-0233,TNT-13,Priya Fashions,OWN-04,Sunita Gupta,WH-04,Surat,Gujarat,Dry Warehouse,Medium,01-11-2024,Nov-24,Q4-2024,28558,5140,33698,6,Paid,26-11-2024,15,33698,0,Yes,01-11-2024,11-11-2024,Yes,Yes,Yes,Business,Textile,Delayed,10,1,1,33698,2,2,3,1,52.5,Late Payer,23,2,Regular Payer,info@priyafashions.com,9843567890,Priya Mehta,sunita.gupta@warehub.in,9898765432
TXN-0234,TNT-13,Priya Fashions,OWN-04,Sunita Gupta,WH-04,Surat,Gujarat,Dry Warehouse,Medium,01-12-2024,Dec-24,Q4-2024,28558,5140,33698,6,Paid,28-12-2024,17,33698,0,Yes,01-12-2024,11-12-2024,Yes,Yes,Yes,Business,Textile,Delayed,10,1,1,33698,2,2,3,1,53.4,Late Payer,24,2,Regular Payer,info@priyafashions.com,9843567890,Priya Mehta,sunita.gupta@warehub.in,9898765432
TXN-0235,TNT-14,Arun Cold Chain,OWN-01,Rajesh Shah,WH-01,Udaipur,Rajasthan,Cold Storage,Medium,01-01-2023,Jan-23,Q1-2023,36164,6509,42673,12,Paid,11-01-2023,0,42673,0,Yes,01-01-2023,11-01-2023,No,Yes,Yes,Business,Cold Chain,On-time,22,1,0,42673,2,3,1,1,20.8,Regular Payer,1,0,Regular Payer,ops@aruncoldchain.in,9854678901,Arun Kumar,rajesh.shah@warehub.in,9876543210
TXN-0236,TNT-14,Arun Cold Chain,OWN-01,Rajesh Shah,WH-01,Udaipur,Rajasthan,Cold Storage,Medium,01-02-2023,Feb-23,Q1-2023,36164,6509,42673,12,Paid,11-02-2023,0,42673,0,Yes,01-02-2023,11-02-2023,No,Yes,Yes,Business,Cold Chain,On-time,22,1,0,42673,2,3,1,1,20.8,Regular Payer,2,0,Regular Payer,ops@aruncoldchain.in,9854678901,Arun Kumar,rajesh.shah@warehub.in,9876543210
TXN-0237,TNT-14,Arun Cold Chain,OWN-01,Rajesh Shah,WH-01,Udaipur,Rajasthan,Cold Storage,Medium,01-03-2023,Mar-23,Q1-2023,36164,6509,42673,12,Paid,11-03-2023,0,42673,0,Yes,01-03-2023,11-03-2023,No,Yes,Yes,Business,Cold Chain,On-time,22,1,0,42673,2,3,1,1,20.8,Regular Payer,3,0,Regular Payer,ops@aruncoldchain.in,9854678901,Arun Kumar,rajesh.shah@warehub.in,9876543210
TXN-0238,TNT-14,Arun Cold Chain,OWN-01,Rajesh Shah,WH-01,Udaipur,Rajasthan,Cold Storage,Medium,01-04-2023,Apr-23,Q2-2023,36164,6509,42673,12,Paid,11-04-2023,0,42673,0,Yes,01-04-2023,11-04-2023,No,Yes,Yes,Business,Cold Chain,On-time,22,1,0,42673,2,3,1,1,20.8,Regular Payer,4,0,Regular Payer,ops@aruncoldchain.in,9854678901,Arun Kumar,rajesh.shah@warehub.in,9876543210
TXN-0239,TNT-14,Arun Cold Chain,OWN-01,Rajesh Shah,WH-01,Udaipur,Rajasthan,Cold Storage,Medium,01-07-2023,Jul-23,Q3-2023,36164,6509,42673,12,Paid,11-07-2023,0,42673,0,Yes,01-07-2023,11-07-2023,No,Yes,Yes,Business,Cold Chain,On-time,22,1,0,42673,2,3,1,1,20.8,Regular Payer,7,0,Regular Payer,ops@aruncoldchain.in,9854678901,Arun Kumar,rajesh.shah@warehub.in,9876543210
TXN-0240,TNT-14,Arun Cold Chain,OWN-01,Rajesh Shah,WH-01,Udaipur,Rajasthan,Cold Storage,Medium,01-08-2023,Aug-23,Q3-2023,36164,6509,42673,12,Paid,11-08-2023,0,42673,0,Yes,01-08-2023,11-08-2023,No,Yes,Yes,Business,Cold Chain,On-time,22,1,0,42673,2,3,1,1,20.8,Regular Payer,8,0,Regular Payer,ops@aruncoldchain.in,9854678901,Arun Kumar,rajesh.shah@warehub.in,9876543210
TXN-0241,TNT-14,Arun Cold Chain,OWN-01,Rajesh Shah,WH-01,Udaipur,Rajasthan,Cold Storage,Medium,01-09-2023,Sep-23,Q3-2023,36164,6509,42673,12,Paid,11-09-2023,0,42673,0,Yes,01-09-2023,11-09-2023,No,Yes,Yes,Business,Cold Chain,On-time,22,1,0,42673,2,3,1,1,20.8,Regular Payer,9,0,Regular Payer,ops@aruncoldchain.in,9854678901,Arun Kumar,rajesh.shah@warehub.in,9876543210
TXN-0242,TNT-14,Arun Cold Chain,OWN-01,Rajesh Shah,WH-01,Udaipur,Rajasthan,Cold Storage,Medium,01-11-2023,Nov-23,Q4-2023,36164,6509,42673,12,Paid,11-11-2023,0,42673,0,Yes,01-11-2023,11-11-2023,No,Yes,Yes,Business,Cold Chain,On-time,22,1,0,42673,2,3,1,1,20.8,Regular Payer,11,0,Regular Payer,ops@aruncoldchain.in,9854678901,Arun Kumar,rajesh.shah@warehub.in,9876543210
TXN-0243,TNT-14,Arun Cold Chain,OWN-01,Rajesh Shah,WH-01,Udaipur,Rajasthan,Cold Storage,Medium,01-12-2023,Dec-23,Q4-2023,36164,6509,42673,12,Paid,11-12-2023,0,42673,0,Yes,01-12-2023,11-12-2023,No,Yes,Yes,Business,Cold Chain,On-time,22,1,0,42673,2,3,1,1,20.8,Regular Payer,12,0,Regular Payer,ops@aruncoldchain.in,9854678901,Arun Kumar,rajesh.shah@warehub.in,9876543210
TXN-0244,TNT-14,Arun Cold Chain,OWN-01,Rajesh Shah,WH-01,Udaipur,Rajasthan,Cold Storage,Medium,01-01-2024,Jan-24,Q1-2024,36164,6509,42673,12,Paid,11-01-2024,0,42673,0,Yes,01-01-2024,11-01-2024,No,Yes,Yes,Business,Cold Chain,On-time,22,1,0,42673,2,3,1,1,20.8,Regular Payer,13,0,Regular Payer,ops@aruncoldchain.in,9854678901,Arun Kumar,rajesh.shah@warehub.in,9876543210
TXN-0245,TNT-14,Arun Cold Chain,OWN-01,Rajesh Shah,WH-01,Udaipur,Rajasthan,Cold Storage,Medium,01-02-2024,Feb-24,Q1-2024,36164,6509,42673,12,Paid,11-02-2024,0,42673,0,Yes,01-02-2024,11-02-2024,No,Yes,Yes,Business,Cold Chain,On-time,22,1,0,42673,2,3,1,1,20.8,Regular Payer,14,0,Regular Payer,ops@aruncoldchain.in,9854678901,Arun Kumar,rajesh.shah@warehub.in,9876543210
TXN-0246,TNT-14,Arun Cold Chain,OWN-01,Rajesh Shah,WH-01,Udaipur,Rajasthan,Cold Storage,Medium,01-03-2024,Mar-24,Q1-2024,36164,6509,42673,12,Paid,11-03-2024,0,42673,0,Yes,01-03-2024,11-03-2024,No,Yes,Yes,Business,Cold Chain,On-time,22,1,0,42673,2,3,1,1,20.8,Regular Payer,15,0,Regular Payer,ops@aruncoldchain.in,9854678901,Arun Kumar,rajesh.shah@warehub.in,9876543210
TXN-0247,TNT-14,Arun Cold Chain,OWN-01,Rajesh Shah,WH-01,Udaipur,Rajasthan,Cold Storage,Medium,01-04-2024,Apr-24,Q2-2024,36164,6509,42673,12,Paid,11-04-2024,0,42673,0,Yes,01-04-2024,11-04-2024,No,Yes,Yes,Business,Cold Chain,On-time,22,1,0,42673,2,3,1,1,20.8,Regular Payer,16,0,Regular Payer,ops@aruncoldchain.in,9854678901,Arun Kumar,rajesh.shah@warehub.in,9876543210
TXN-0248,TNT-14,Arun Cold Chain,OWN-01,Rajesh Shah,WH-01,Udaipur,Rajasthan,Cold Storage,Medium,01-05-2024,May-24,Q2-2024,36164,6509,42673,12,Not Paid,,265,0,42673,Yes,01-05-2024,11-05-2024,Yes,Yes,Yes,Business,Cold Chain,Defaulted,22,0,0,0,2,3,4,1,90.8,Defaulter,17,1,Late Payer,ops@aruncoldchain.in,9854678901,Arun Kumar,rajesh.shah@warehub.in,9876543210
TXN-0249,TNT-14,Arun Cold Chain,OWN-01,Rajesh Shah,WH-01,Udaipur,Rajasthan,Cold Storage,Medium,01-06-2024,Jun-24,Q2-2024,36164,6509,42673,12,Paid,11-06-2024,0,42673,0,Yes,01-06-2024,11-06-2024,No,Yes,Yes,Business,Cold Chain,On-time,22,1,0,42673,2,3,1,1,20.8,Regular Payer,18,0,Regular Payer,ops@aruncoldchain.in,9854678901,Arun Kumar,rajesh.shah@warehub.in,9876543210
TXN-0250,TNT-14,Arun Cold Chain,OWN-01,Rajesh Shah,WH-01,Udaipur,Rajasthan,Cold Storage,Medium,01-07-2024,Jul-24,Q3-2024,36164,6509,42673,12,Not Paid,,204,0,42673,Yes,01-07-2024,11-07-2024,Yes,Yes,Yes,Business,Cold Chain,Defaulted,22,0,0,0,2,3,4,1,90.8,Defaulter,19,1,Late Payer,ops@aruncoldchain.in,9854678901,Arun Kumar,rajesh.shah@warehub.in,9876543210
TXN-0251,TNT-14,Arun Cold Chain,OWN-01,Rajesh Shah,WH-01,Udaipur,Rajasthan,Cold Storage,Medium,01-08-2024,Aug-24,Q3-2024,36164,6509,42673,12,Paid,11-08-2024,0,42673,0,Yes,01-08-2024,11-08-2024,No,Yes,Yes,Business,Cold Chain,On-time,22,1,0,42673,2,3,1,1,20.8,Regular Payer,20,0,Regular Payer,ops@aruncoldchain.in,9854678901,Arun Kumar,rajesh.shah@warehub.in,9876543210
TXN-0252,TNT-14,Arun Cold Chain,OWN-01,Rajesh Shah,WH-01,Udaipur,Rajasthan,Cold Storage,Medium,01-11-2024,Nov-24,Q4-2024,36164,6509,42673,12,Paid,11-11-2024,0,42673,0,Yes,01-11-2024,11-11-2024,No,Yes,Yes,Business,Cold Chain,On-time,22,1,0,42673,2,3,1,1,20.8,Regular Payer,23,0,Regular Payer,ops@aruncoldchain.in,9854678901,Arun Kumar,rajesh.shah@warehub.in,9876543210
TXN-0253,TNT-15,Dev Traders,OWN-04,Sunita Gupta,WH-08,Ahmedabad,Gujarat,General,Small,01-02-2023,Feb-23,Q1-2023,13507,2431,15938,6,Paid,30-03-2023,47,15938,0,Yes,01-02-2023,11-02-2023,Yes,Yes,Yes,Individual,Trading,Delayed,6,1,1,15938,1,1,3,0,68.4,Late Payer,2,2,Regular Payer,devtraders2018@gmail.com,9865789012,Dev Patel,sunita.gupta@warehub.in,9898765432
TXN-0254,TNT-15,Dev Traders,OWN-04,Sunita Gupta,WH-08,Ahmedabad,Gujarat,General,Small,01-04-2023,Apr-23,Q2-2023,13507,2431,15938,6,Not Paid,,661,0,15938,Yes,01-04-2023,11-04-2023,Yes,Yes,Yes,Individual,Trading,Defaulted,6,0,0,0,1,1,4,0,97.5,Defaulter,4,1,Late Payer,devtraders2018@gmail.com,9865789012,Dev Patel,sunita.gupta@warehub.in,9898765432
TXN-0255,TNT-15,Dev Traders,OWN-04,Sunita Gupta,WH-08,Ahmedabad,Gujarat,General,Small,01-08-2023,Aug-23,Q3-2023,13507,2431,15938,6,Not Paid,,539,0,15938,Yes,01-08-2023,11-08-2023,Yes,Yes,Yes,Individual,Trading,Defaulted,6,0,0,0,1,1,4,0,97.5,Defaulter,8,1,Late Payer,devtraders2018@gmail.com,9865789012,Dev Patel,sunita.gupta@warehub.in,9898765432
TXN-0256,TNT-15,Dev Traders,OWN-04,Sunita Gupta,WH-08,Ahmedabad,Gujarat,General,Small,01-10-2023,Oct-23,Q4-2023,13507,2431,15938,6,Paid,26-11-2023,46,15938,0,Yes,01-10-2023,11-10-2023,Yes,Yes,Yes,Individual,Trading,Delayed,6,1,1,15938,1,1,3,0,67.9,Late Payer,10,2,Regular Payer,devtraders2018@gmail.com,9865789012,Dev Patel,sunita.gupta@warehub.in,9898765432
TXN-0257,TNT-15,Dev Traders,OWN-04,Sunita Gupta,WH-08,Ahmedabad,Gujarat,General,Small,01-07-2024,Jul-24,Q3-2024,13507,2431,15938,6,Not Paid,,204,0,15938,Yes,01-07-2024,11-07-2024,Yes,Yes,Yes,Individual,Trading,Defaulted,6,0,0,0,1,1,4,0,97.5,Defaulter,19,1,Late Payer,devtraders2018@gmail.com,9865789012,Dev Patel,sunita.gupta@warehub.in,9898765432
TXN-0258,TNT-15,Dev Traders,OWN-04,Sunita Gupta,WH-08,Ahmedabad,Gujarat,General,Small,01-08-2024,Aug-24,Q3-2024,13507,2431,15938,6,Paid,23-09-2024,43,15938,0,Yes,01-08-2024,11-08-2024,Yes,Yes,Yes,Individual,Trading,Delayed,6,1,1,15938,1,1,3,0,66.6,Late Payer,20,2,Regular Payer,devtraders2018@gmail.com,9865789012,Dev Patel,sunita.gupta@warehub.in,9898765432
TXN-0259,TNT-15,Dev Traders,OWN-04,Sunita Gupta,WH-08,Ahmedabad,Gujarat,General,Small,01-09-2024,Sep-24,Q3-2024,13507,2431,15938,6,Not Paid,,142,0,15938,Yes,01-09-2024,11-09-2024,Yes,Yes,Yes,Individual,Trading,Defaulted,6,0,0,0,1,1,4,0,97.5,Defaulter,21,1,Late Payer,devtraders2018@gmail.com,9865789012,Dev Patel,sunita.gupta@warehub.in,9898765432
TXN-0260,TNT-15,Dev Traders,OWN-04,Sunita Gupta,WH-08,Ahmedabad,Gujarat,General,Small,01-11-2024,Nov-24,Q4-2024,13507,2431,15938,6,Not Paid,,81,0,15938,Yes,01-11-2024,11-11-2024,Yes,Yes,Yes,Individual,Trading,Defaulted,6,0,0,0,1,1,4,0,93.5,Defaulter,23,1,Late Payer,devtraders2018@gmail.com,9865789012,Dev Patel,sunita.gupta@warehub.in,9898765432
